archivo,hoja,tienda,fila,articulo,texto,cantidad,folio,fecha,estado,no_despachar,color_celda
2006 COLECCION NEWWALK BOTAS Y BOTINES  INV 2026   18 8 025.xlsx,Hoja1,PA02,103,XCA91101,12,12,,,PENDIENTE,,FFFFFF00
2006 COLECCION NEWWALK BOTAS Y BOTINES  INV 2026   18 8 025.xlsx,Hoja1,PA03,103,XCA91101,12,12,,,PENDIENTE,,FFFFFF00
2006 COLECCION NEWWALK BOTAS Y BOTINES  INV 2026   18 8 025.xlsx,Hoja1,PA04,103,XCA91101,12,12,,,PENDIENTE,,FFFFFF00
2006 COLECCION NEWWALK BOTAS Y BOTINES  INV 2026   18 8 025.xlsx,Hoja1,PA03,149,MH,12/FACT 53030,12,53030,,LLEGO,,FFFFFF00
2006 COLECCION NEWWALK BOTAS Y BOTINES  INV 2026   18 8 025.xlsx,Hoja1,PA03,161,C,12,12,,,PENDIENTE,,FFFFFF00
2006 COLECCION NEWWALK BOTAS Y BOTINES  INV 2026   18 8 025.xlsx,Hoja1,PA02,172,9291-12,12,12,,,PENDIENTE,,FFFFFF00
2006 COLECCION NEWWALK BOTAS Y BOTINES  INV 2026   18 8 025.xlsx,Hoja1,PA03,172,9291-12,12,12,,,PENDIENTE,,FFFFFF00
2006 COLECCION NEWWALK BOTAS Y BOTINES  INV 2026   18 8 025.xlsx,Hoja1,PA02,184,1216-973,12/FACT 53030,12,53030,,LLEGO,,FFFFFF00
2006 COLECCION NEWWALK BOTAS Y BOTINES  INV 2026   18 8 025.xlsx,Hoja1,PA03,184,1216-973,12/FACT 53030,12,53030,,LLEGO,,FFFFFF00
2006 COLECCION NEWWALK BOTAS Y BOTINES  INV 2026   18 8 025.xlsx,Hoja1,PA04,184,1216-973,12/FACT 53030,12,53030,,LLEGO,,FFFFFF00
2006 COLECCION NEWWALK BOTAS Y BOTINES  INV 2026   18 8 025.xlsx,Hoja1,PA02,198,,12,12,,,ANULADO,,FFFF0000
2006 COLECCION NEWWALK BOTAS Y BOTINES  INV 2026   18 8 025.xlsx,Hoja1,PA03,198,,12,12,,,ANULADO,,FFFF0000
2006 COLECCION NEWWALK BOTAS Y BOTINES  INV 2026   18 8 025.xlsx,Hoja1,PA02,361,BSDX1103,12,12,,,PENDIENTE,,FFFFFF00
2006 COLECCION NEWWALK BOTAS Y BOTINES  INV 2026   18 8 025.xlsx,Hoja1,PA03,361,BSDX1103,12,12,,,PENDIENTE,,FFFFFF00
2006 COLECCION NEWWALK BOTAS Y BOTINES  INV 2026   18 8 025.xlsx,Hoja1,PA04,361,BSDX1103,12,12,,,PENDIENTE,,FFFFFF00
2006 COLECCION NEWWALK BOTAS Y BOTINES  INV 2026   18 8 025.xlsx,Hoja1,PA02,362,,12,12,,,PENDIENTE,,FFFFFF00
2006 COLECCION NEWWALK BOTAS Y BOTINES  INV 2026   18 8 025.xlsx,Hoja1,PA03,362,,12,12,,,PENDIENTE,,FFFFFF00
2006 COLECCION NEWWALK BOTAS Y BOTINES  INV 2026   18 8 025.xlsx,Hoja1,PA04,362,,12,12,,,PENDIENTE,,FFFFFF00
2006 COLECCION NEWWALK BOTAS Y BOTINES  INV 2026   18 8 025.xlsx,Hoja1,PA04,388,2317-13,12/FACT 53030,12,53030,,LLEGO,,FFFFFF00
2006 COLECCION NEWWALK BOTAS Y BOTINES  INV 2026   18 8 025.xlsx,Hoja1,PA02,412,BSD91219,12,12,,,PENDIENTE,,FFFFFF00
2006 COLECCION NEWWALK BOTAS Y BOTINES  INV 2026   18 8 025.xlsx,Hoja1,PA03,412,BSD91219,12,12,,,PENDIENTE,,FFFFFF00
2006 COLECCION NEWWALK BOTAS Y BOTINES  INV 2026   18 8 025.xlsx,Hoja1,PA04,412,BSD91219,12,12,,,PENDIENTE,,FFFFFF00
2006 COLECCION NEWWALK BOTAS Y BOTINES  INV 2026   18 8 025.xlsx,Hoja1,PA02,472,KWLA762512,12/FACT 53145,12,53145,,LLEGO,,FFFFFF00
2006 COLECCION NEWWALK BOTAS Y BOTINES  INV 2026   18 8 025.xlsx,Hoja1,PA03,472,KWLA762512,12/FACT 53145,12,53145,,LLEGO,,FFFFFF00
2006 COLECCION NEWWALK BOTAS Y BOTINES  INV 2026   18 8 025.xlsx,Hoja1,PA02,476,,12/FACT 53145,12,53145,,LLEGO,,FFFFFF00
2006 COLECCION NEWWALK BOTAS Y BOTINES  INV 2026   18 8 025.xlsx,Hoja1,PA03,476,,12/FACT 53145,12,53145,,LLEGO,,FFFFFF00
2006 COLECCION NEWWALK BOTAS Y BOTINES  INV 2026   18 8 025.xlsx,Hoja1,PA02,485,,12,12,,,ANULADO,,FFFF0000
2006 COLECCION NEWWALK BOTAS Y BOTINES  INV 2026   18 8 025.xlsx,Hoja1,PA03,485,,12,12,,,ANULADO,,FFFF0000
2006 COLECCION NEWWALK BOTAS Y BOTINES  INV 2026   18 8 025.xlsx,Hoja1,PA02,565,H,12,12,,,PENDIENTE,,FFFFFF00
2006 COLECCION NEWWALK BOTAS Y BOTINES  INV 2026   18 8 025.xlsx,Hoja1,PA03,565,H,12,12,,,PENDIENTE,,FFFFFF00
2006 COLECCION NEWWALK BOTAS Y BOTINES  INV 2026   18 8 025.xlsx,Hoja1,PA04,565,H,12,12,,,PENDIENTE,,FFFFFF00
2006 COLECCION NEWWALK BOTAS Y BOTINES  INV 2026   18 8 025.xlsx,Hoja1,PA02,610,BSDX1111A,12/FACT 53030,12,53030,,LLEGO,,FFFFFF00
2006 COLECCION NEWWALK BOTAS Y BOTINES  INV 2026   18 8 025.xlsx,Hoja1,PA03,610,BSDX1111A,12/FACT 53030,12,53030,,LLEGO,,FFFFFF00
2006 COLECCION NEWWALK BOTAS Y BOTINES  INV 2026   18 8 025.xlsx,Hoja1,PA04,610,BSDX1111A,12/FACT 53030,12,53030,,LLEGO,,FFFFFF00
2006 COLECCION NEWWALK BOTAS Y BOTINES  INV 2026   18 8 025.xlsx,Hoja1,PA02,614,H,12/FACT 53030,12,53030,,LLEGO,,FFFFFF00
2006 COLECCION NEWWALK BOTAS Y BOTINES  INV 2026   18 8 025.xlsx,Hoja1,PA03,614,H,12/FACT 53030,12,53030,,LLEGO,,FFFFFF00
2006 COLECCION NEWWALK BOTAS Y BOTINES  INV 2026   18 8 025.xlsx,Hoja1,PA04,614,H,12/FACT 53030,12,53030,,LLEGO,,FFFFFF00
2006 COLECCION NEWWALK BOTAS Y BOTINES  INV 2026   18 8 025.xlsx,Hoja1,PA02,622,9159-13,12,12,,,PENDIENTE,,FFFFFF00
2006 COLECCION NEWWALK BOTAS Y BOTINES  INV 2026   18 8 025.xlsx,Hoja1,PA03,622,9159-13,12,12,,,PENDIENTE,,FFFFFF00
2006 COLECCION NEWWALK BOTAS Y BOTINES  INV 2026   18 8 025.xlsx,Hoja1,PA04,622,9159-13,12,12,,,PENDIENTE,,FFFFFF00
2006 COLECCION NEWWALK BOTAS Y BOTINES  INV 2026   18 8 025.xlsx,Hoja1,PA02,675,,12/FACT 53030,12,53030,,LLEGO,,FFFFFF00
2006 COLECCION NEWWALK BOTAS Y BOTINES  INV 2026   18 8 025.xlsx,Hoja1,PA03,675,,12/FACT 53030,12,53030,,LLEGO,,FFFFFF00
2006 COLECCION NEWWALK BOTAS Y BOTINES  INV 2026   18 8 025.xlsx,Hoja1,PA04,675,,12/FACT 53030,12,53030,,LLEGO,,FFFFFF00
2006 ECCOFLEX BOTAS Y BOTINES  NEWWALK INV 2026   18  8  025.xlsx,Hoja,PA02,158,FAMA13,12,12,,,PENDIENTE,,FFFFFF00
2006 ECCOFLEX BOTAS Y BOTINES  NEWWALK INV 2026   18  8  025.xlsx,Hoja,PA03,158,FAMA13,12,12,,,PENDIENTE,,FFFFFF00
2006 ECCOFLEX BOTAS Y BOTINES  NEWWALK INV 2026   18  8  025.xlsx,Hoja,PA02,186,FAMA04,12,12,,,PENDIENTE,,FFFFFF00
2006 ECCOFLEX BOTAS Y BOTINES  NEWWALK INV 2026   18  8  025.xlsx,Hoja,PA03,186,FAMA04,12,12,,,PENDIENTE,,FFFFFF00
2006 ECCOFLEX BOTAS Y BOTINES  NEWWALK INV 2026   18  8  025.xlsx,Hoja,PA04,186,FAMA04,12,12,,,PENDIENTE,,FFFFFF00
2006 ECCOFLEX BOTAS Y BOTINES  NEWWALK INV 2026   18  8  025.xlsx,Hoja,PA02,424,FBC257,12/FACT 53030,12,53030,,LLEGO,,FFFFFF00
2006 ECCOFLEX BOTAS Y BOTINES  NEWWALK INV 2026   18  8  025.xlsx,Hoja,PA03,424,FBC257,12/FACT 53030,12,53030,,LLEGO,,FFFFFF00
2006 HOMBRE VESTIR NW 2025  ATEMPORALES  7 8  025.xlsx,Hoja1,PA02,26,ZM24-10123,15,15,,,PENDIENTE,,FFFFFF00
2006 HOMBRE VESTIR NW 2025  ATEMPORALES  7 8  025.xlsx,Hoja1,PA03,26,ZM24-10123,15,15,,,PENDIENTE,,FFFFFF00
2006 HOMBRE VESTIR NW 2025  ATEMPORALES  7 8  025.xlsx,Hoja1,PA04,26,ZM24-10123,15,15,,,PENDIENTE,,FFFFFF00
2006 HOMBRE VESTIR NW 2025  ATEMPORALES  7 8  025.xlsx,Hoja1,PA02,53,ZM24-22610-90,15,15,,,PENDIENTE,,FFFFFF00
2006 HOMBRE VESTIR NW 2025  ATEMPORALES  7 8  025.xlsx,Hoja1,PA03,53,ZM24-22610-90,15,15,,,PENDIENTE,,FFFFFF00
2006 HOMBRE VESTIR NW 2025  ATEMPORALES  7 8  025.xlsx,Hoja1,PA04,53,ZM24-22610-90,15,15,,,PENDIENTE,,FFFFFF00
2006 HOMBRE VESTIR NW 2025  ATEMPORALES  7 8  025.xlsx,Hoja1,PA02,62,ZM24-22610-91,15,15,,,PENDIENTE,,FFFFFF00
2006 HOMBRE VESTIR NW 2025  ATEMPORALES  7 8  025.xlsx,Hoja1,PA03,62,ZM24-22610-91,15,15,,,PENDIENTE,,FFFFFF00
2006 HOMBRE VESTIR NW 2025  ATEMPORALES  7 8  025.xlsx,Hoja1,PA04,62,ZM24-22610-91,15,15,,,PENDIENTE,,FFFFFF00
2006 HOMBRE VESTIR NW 2025  ATEMPORALES  7 8  025.xlsx,Hoja1,PA04,89,ZM24-Z2510,15,15,,,PENDIENTE,,FFFFFF00
2025 HOMBRE BOTINES CAÑA ALTA NW 19 7 2025.xlsx,Hoja1,PA02,28,ZM23-AF17-40,15,15,,,PENDIENTE,,FFFFFF00
2025 HOMBRE BOTINES CAÑA ALTA NW 19 7 2025.xlsx,Hoja1,PA03,28,ZM23-AF17-40,15,15,,,PENDIENTE,,FFFFFF00
ARISTO TEBES INVIERNO 2026.xlsx,Hoja1,PA02,11,003,15,15,,,ANULADO,15,FFFF0000
ARISTO TEBES INVIERNO 2026.xlsx,Hoja1,PA02,12,,15,15,,,ANULADO,15,FFFF0000
ARISTO TEBES INVIERNO 2026.xlsx,Hoja1,PA03,15,032,15,15,,,ANULADO,15,FFFF0000
ARISTO TEBES INVIERNO 2026.xlsx,Hoja1,PA03,16,,15,15,,,ANULADO,15,FFFF0000
ARISTO TEBES INVIERNO 2026.xlsx,Hoja1,PA02,19,605,15/FACT 148772,15,148772,,LLEGO,,FFFFFF00
ARISTO TEBES INVIERNO 2026.xlsx,Hoja1,PA03,19,605,15/FACT 148772,15,148772,,LLEGO,,FFFFFF00
ARISTO TEBES INVIERNO 2026.xlsx,Hoja1,PA04,19,605,15/FACT 148772,15,148772,,LLEGO,,FFFFFF00
ARISTO TEBES INVIERNO 2026.xlsx,Hoja1,PA02,21,,15/FACT 148772,15,148772,,LLEGO,,FFFFFF00
ARISTO TEBES INVIERNO 2026.xlsx,Hoja1,PA03,21,,15/FACT 148772,15,148772,,LLEGO,,FFFFFF00
ARISTO TEBES INVIERNO 2026.xlsx,Hoja1,PA04,21,,15/FACT 148772,15,148772,,LLEGO,,FFFFFF00
ARISTO TEBES INVIERNO 2026.xlsx,Hoja1,PA02,23,629,15/FACT 148772,15,148772,,LLEGO,,FFFFFF00
ARISTO TEBES INVIERNO 2026.xlsx,Hoja1,PA04,23,629,15/FACT 148772,15,148772,,LLEGO,,FFFFFF00
ARISTO TEBES INVIERNO 2026.xlsx,Hoja1,PA02,25,,15/FACT 148772,15,148772,,LLEGO,,FFFFFF00
ARISTO TEBES INVIERNO 2026.xlsx,Hoja1,PA04,25,,15/FACT 148772,15,148772,,LLEGO,,FFFFFF00
ARISTO TEBES INVIERNO 2026.xlsx,Hoja1,PA02,27,648,15/FACT 148771,15,148771,,LLEGO,,FFFFFF00
ARISTO TEBES INVIERNO 2026.xlsx,Hoja1,PA03,27,648,15/FACT 148771,15,148771,,LLEGO,,FFFFFF00
ARISTO TEBES INVIERNO 2026.xlsx,Hoja1,PA02,28,,15/FACT 148771,15,148771,,LLEGO,,FFFFFF00
ARISTO TEBES INVIERNO 2026.xlsx,Hoja1,PA03,28,,15/FACT 148771,15,148771,,LLEGO,,FFFFFF00
ARISTO TEBES INVIERNO 2026.xlsx,Hoja1,PA02,31,658,15/FACT 148767,15,148767,,LLEGO,,FFFFFF00
ARISTO TEBES INVIERNO 2026.xlsx,Hoja1,PA03,31,658,15/FACT 148767,15,148767,,LLEGO,,FFFFFF00
ARISTO TEBES INVIERNO 2026.xlsx,Hoja1,PA04,31,658,15/FACT 148767,15,148767,,LLEGO,,FFFFFF00
ARISTO TEBES INVIERNO 2026.xlsx,Hoja1,PA04,33,,15/FACT 148767,15,148767,,LLEGO,,FFFFFF00
ARISTO TEBES INVIERNO 2026.xlsx,Hoja1,PA02,39,677,15/FACT 148767,15,148767,,LLEGO,,FFFFFF00
ARISTO TEBES INVIERNO 2026.xlsx,Hoja1,PA03,39,677,15/FACT 148767,15,148767,,LLEGO,,FFFFFF00
ARISTO TEBES INVIERNO 2026.xlsx,Hoja1,PA04,39,677,15/FACT 148767,15,148767,,LLEGO,,FFFFFF00
ARISTO TEBES INVIERNO 2026.xlsx,Hoja1,PA03,40,,15/FACT 148767,15,148767,,LLEGO,,FFFFFF00
ARISTO TEBES INVIERNO 2026.xlsx,Hoja1,PA03,41,,15/FACT 148767,15,148767,,LLEGO,,FFFFFF00
ARISTO TEBES INVIERNO 2026.xlsx,Hoja1,PA04,41,,15/FACT 148767,15,148767,,LLEGO,,FFFFFF00
ARISTO TEBES INVIERNO 2026.xlsx,Hoja1,PA02,48,717,15/FACT 148767,15,148767,,LLEGO,,FFFFFF00
ARISTO TEBES INVIERNO 2026.xlsx,Hoja1,PA03,48,717,15/FACT 148767,15,148767,,LLEGO,,FFFFFF00
ARISTO TEBES INVIERNO 2026.xlsx,Hoja1,PA04,48,717,15/FACT 148767,15,148767,,LLEGO,,FFFFFF00
ARISTO TEBES INVIERNO 2026.xlsx,Hoja1,PA02,49,,15/FACT 148767,15,148767,,LLEGO,,FFFFFF00
ARISTO TEBES INVIERNO 2026.xlsx,Hoja1,PA03,52,737,15/FACT 148767,15,148767,,LLEGO,,FFFFFF00
ARISTO TEBES INVIERNO 2026.xlsx,Hoja1,PA04,52,737,15/FACT 148767,15,148767,,LLEGO,,FFFFFF00
ARISTO TEBES INVIERNO 2026.xlsx,Hoja1,PA02,56,751,15,15,,,ANULADO,45,FFFF0000
ARISTO TEBES INVIERNO 2026.xlsx,Hoja1,PA03,56,751,15,15,,,ANULADO,45,FFFF0000
ARISTO TEBES INVIERNO 2026.xlsx,Hoja1,PA04,56,751,15,15,,,ANULADO,45,FFFF0000
ARISTO TEBES INVIERNO 2026.xlsx,Hoja1,PA02,57,,15,15,,,ANULADO,45,FFFF0000
ARISTO TEBES INVIERNO 2026.xlsx,Hoja1,PA03,57,,15,15,,,ANULADO,45,FFFF0000
ARISTO TEBES INVIERNO 2026.xlsx,Hoja1,PA04,57,,15,15,,,ANULADO,45,FFFF0000
ARISTO TEBES INVIERNO 2026.xlsx,Hoja1,PA02,64,762,15,15,,,ANULADO,30,FFFF0000
ARISTO TEBES INVIERNO 2026.xlsx,Hoja1,PA03,64,762,15,15,,,ANULADO,30,FFFF0000
ARISTO TEBES INVIERNO 2026.xlsx,Hoja1,PA02,68,775,15/FACT 148771,15,148771,,LLEGO,,FFFFFF00
ARISTO TEBES INVIERNO 2026.xlsx,Hoja1,PA03,68,775,15/FACT 148771,15,148771,,LLEGO,,FFFFFF00
ARISTO TEBES INVIERNO 2026.xlsx,Hoja1,PA04,68,775,15/FACT 148771,15,148771,,LLEGO,,FFFFFF00
ARISTO TEBES INVIERNO 2026.xlsx,Hoja1,PA02,69,,15/FACT 148771,15,148771,,LLEGO,,FFFFFF00
ARISTO TEBES INVIERNO 2026.xlsx,Hoja1,PA03,69,,15/FACT 148771,15,148771,,LLEGO,,FFFFFF00
ARISTO TEBES INVIERNO 2026.xlsx,Hoja1,PA04,69,,15/FACT 148771,15,148771,,LLEGO,,FFFFFF00
ARISTO TEBES INVIERNO 2026.xlsx,Hoja1,PA03,70,,15/FACT 148771,15,148771,,LLEGO,,FFFFFF00
ARISTO TEBES INVIERNO 2026.xlsx,Hoja1,PA02,73,780,15/FACT 149146,15,149146,,LLEGO,,FFFFFF00
ARISTO TEBES INVIERNO 2026.xlsx,Hoja1,PA03,73,780,15/FACT 149146,15,149146,,LLEGO,,FFFFFF00
ARISTO TEBES INVIERNO 2026.xlsx,Hoja1,PA04,73,780,15/FACT 149146,15,149146,,LLEGO,,FFFFFF00
ARISTO TEBES INVIERNO 2026.xlsx,Hoja1,PA02,74,,15/FACT 149146,15,149146,,LLEGO,,FFFFFF00
ARISTO TEBES INVIERNO 2026.xlsx,Hoja1,PA03,74,,15/FACT 149146,15,149146,,LLEGO,,FFFFFF00
ARISTO TEBES INVIERNO 2026.xlsx,Hoja1,PA04,74,,15/FACT 149146,15,149146,,LLEGO,,FFFFFF00
ARISTO TEBES INVIERNO 2026.xlsx,Hoja1,PA02,77,786,15/FACT 149740,15,149740,,LLEGO,,theme0/0.00
ARISTO TEBES INVIERNO 2026.xlsx,Hoja1,PA03,77,786,15/FACT 149740,15,149740,,LLEGO,,theme0/0.00
ARISTO TEBES INVIERNO 2026.xlsx,Hoja1,PA03,85,820,15/FACT 148771,15,148771,,LLEGO,,FFFFFF00
ARISTO TEBES INVIERNO 2026.xlsx,Hoja1,PA04,85,820,15/FACT 148771,15,148771,,LLEGO,,FFFFFF00
ARISTO TEBES INVIERNO 2026.xlsx,Hoja1,PA03,86,,15/FACT 148771,15,148771,,LLEGO,,FFFFFF00
ARISTO TEBES INVIERNO 2026.xlsx,Hoja1,PA04,86,,15/FACT 148771,15,148771,,LLEGO,,FFFFFF00
ARISTO TEBES INVIERNO 2026.xlsx,Hoja1,PA02,89,824,15,15,,,ANULADO,30,FFFF0000
ARISTO TEBES INVIERNO 2026.xlsx,Hoja1,PA03,89,824,15,15,,,ANULADO,30,FFFF0000
ARISTO TEBES INVIERNO 2026.xlsx,Hoja1,PA02,93,826,15/FACT 149746,15,149746,,LLEGO,,theme0/0.00
ARISTO TEBES INVIERNO 2026.xlsx,Hoja1,PA03,93,826,15/FACT 149746,15,149746,,LLEGO,,theme0/0.00
ARISTO TEBES INVIERNO 2026.xlsx,Hoja1,PA04,93,826,15/FACT 149746,15,149746,,LLEGO,,theme0/0.00
ARISTO TEBES INVIERNO 2026.xlsx,Hoja1,PA02,94,,15/FACT 149746,15,149746,,LLEGO,,theme0/0.00
ARISTO TEBES INVIERNO 2026.xlsx,Hoja1,PA04,97,834,15/FACT 148768,15,148768,,LLEGO,,FFFFFF00
ARISTO TEBES INVIERNO 2026.xlsx,Hoja1,PA04,101,843,15,15,,,ANULADO,15,FFFF0000
ARISTO TEBES INVIERNO 2026.xlsx,Hoja1,PA04,102,,15,15,,,ANULADO,15,FFFF0000
ARISTO TEBES INVIERNO 2026.xlsx,Hoja1,PA02,105,5142,15,15,,,ANULADO,15,FFFF0000
ARISTO TEBES INVIERNO 2026.xlsx,Hoja1,PA02,111,921,15/FACT 148769,15,148769,,LLEGO,,theme0/0.00
ARISTO TEBES INVIERNO 2026.xlsx,Hoja1,PA03,111,921,15/FACT 148769,15,148769,,LLEGO,,theme0/0.00
ARISTO TEBES INVIERNO 2026.xlsx,Hoja1,PA04,111,921,15/FACT 148769,15,148769,,LLEGO,,theme0/0.00
ARISTO TEBES INVIERNO 2026.xlsx,Hoja1,PA02,116,923,15/FACT 149145,15,149145,,LLEGO,,FFFFFF00
ARISTO TEBES INVIERNO 2026.xlsx,Hoja1,PA03,116,923,15/FACT 149145,15,149145,,LLEGO,,FFFFFF00
ARISTO TEBES INVIERNO 2026.xlsx,Hoja1,PA04,116,923,15/FACT 149145,15,149145,,LLEGO,,FFFFFF00
ARISTO TEBES INVIERNO 2026.xlsx,Hoja1,PA04,120,926,15/FACT 149145,15,149145,,LLEGO,,FFFFFF00
ARISTO TEBES INVIERNO 2026.xlsx,Hoja1,PA04,121,,15/FACT 149145,15,149145,,LLEGO,,FFFFFF00
ARISTO TEBES INVIERNO 2026.xlsx,Hoja1,PA02,124,931,15/FACT 149145,15,149145,,LLEGO,,FFFFFF00
ARISTO TEBES INVIERNO 2026.xlsx,Hoja1,PA03,124,931,15/FACT 149145,15,149145,,LLEGO,,FFFFFF00
ARISTO TEBES INVIERNO 2026.xlsx,Hoja1,PA04,124,931,15/FACT 149145,15,149145,,LLEGO,,FFFFFF00
ARISTO TEBES INVIERNO 2026.xlsx,Hoja1,PA02,125,,15,15,,,ANULADO,45,FFFF0000
ARISTO TEBES INVIERNO 2026.xlsx,Hoja1,PA03,125,,15,15,,,ANULADO,45,FFFF0000
ARISTO TEBES INVIERNO 2026.xlsx,Hoja1,PA04,125,,15,15,,,ANULADO,45,FFFF0000
INTERCO TEBES INVIERNO 2026.xlsx,Lista precios,PA02,9,1809,15,15,,,PENDIENTE,,
INTERCO TEBES INVIERNO 2026.xlsx,Lista precios,PA03,9,1809,15,15,,,PENDIENTE,,
INTERCO TEBES INVIERNO 2026.xlsx,Lista precios,PA04,9,1809,15,15,,,PENDIENTE,,
INTERCO TEBES INVIERNO 2026.xlsx,Lista precios,PA02,14,,15/FACT 191825,15,191825,,LLEGO,,FFFFFF00
INTERCO TEBES INVIERNO 2026.xlsx,Lista precios,PA03,14,,15/FACT 191825,15,191825,,LLEGO,,FFFFFF00
INTERCO TEBES INVIERNO 2026.xlsx,Lista precios,PA04,14,,15/FACT 191825,15,191825,,LLEGO,,FFFFFF00
INTERCO TEBES INVIERNO 2026.xlsx,Lista precios,PA02,17,1824,15/FACT 191825,15,191825,,LLEGO,,FFFFFF00
INTERCO TEBES INVIERNO 2026.xlsx,Lista precios,PA03,17,1824,15/FACT 191825,15,191825,,LLEGO,,FFFFFF00
INTERCO TEBES INVIERNO 2026.xlsx,Lista precios,PA02,24,,15,15,,,ANULADO,15,FFFF0000
INTERCO TEBES INVIERNO 2026.xlsx,Lista precios,PA02,25,BAMBOO,15,15,,,ANULADO,15,FFFF0000
INTERCO TEBES INVIERNO 2026.xlsx,Lista precios,PA02,26,2937,15,15,,,ANULADO,15,FFFF0000
INTERCO TEBES INVIERNO 2026.xlsx,Lista precios,PA02,27,,15,15,,,ANULADO,30,FFFF0000
INTERCO TEBES INVIERNO 2026.xlsx,Lista precios,PA03,27,,15,15,,,ANULADO,30,FFFF0000
INTERCO TEBES INVIERNO 2026.xlsx,Lista precios,PA02,28,,15,15,,,ANULADO,15,FFFF0000
INTERCO TEBES INVIERNO 2026.xlsx,Lista precios,PA02,29,UNS,15,15,,,ANULADO,30,FFFF0000
INTERCO TEBES INVIERNO 2026.xlsx,Lista precios,PA03,29,UNS,15,15,,,ANULADO,30,FFFF0000
INTERCO TEBES INVIERNO 2026.xlsx,Lista precios,PA03,31,3024,15/fact 192267,15,192267,,LLEGO,,
INTERCO TEBES INVIERNO 2026.xlsx,Lista precios,PA02,47,3128,15/fact 192267,15,192267,,LLEGO,,
INTERCO TEBES INVIERNO 2026.xlsx,Lista precios,PA02,67,4458,12/FACT 191823,12,191823,,LLEGO,,FFFFFF00
INTERCO TEBES INVIERNO 2026.xlsx,Lista precios,PA03,67,4458,12/FACT 191823,12,191823,,LLEGO,,FFFFFF00
INTERCO TEBES INVIERNO 2026.xlsx,Lista precios,PA04,67,4458,12/FACT 191823,12,191823,,LLEGO,,FFFFFF00
INTERCO TEBES INVIERNO 2026.xlsx,Lista precios,PA03,71,4473,15,15,,,PENDIENTE,,
INTERCO TEBES INVIERNO 2026.xlsx,Lista precios,PA04,71,4473,15,15,,,PENDIENTE,,
INTERCO TEBES INVIERNO 2026.xlsx,Lista precios,PA02,75,4561,12/FACT 191823,12,191823,,LLEGO,,FFFFFF00
INTERCO TEBES INVIERNO 2026.xlsx,Lista precios,PA02,87,4872,15/fact 192267,15,192267,,LLEGO,,
INTERCO TEBES INVIERNO 2026.xlsx,Lista precios,PA02,100,9010,15/FACT 192502,15,192502,,LLEGO,,FFFFFF00
INTERCO TEBES INVIERNO 2026.xlsx,Lista precios,PA03,100,9010,15/FACT 192502,15,192502,,LLEGO,,FFFFFF00
INTERCO TEBES INVIERNO 2026.xlsx,Lista precios,PA04,100,9010,15/FACT 192502,15,192502,,LLEGO,,FFFFFF00
INTERCO TEBES INVIERNO 2026.xlsx,Lista precios,PA03,101,,15/FACT 192502,15,192502,,LLEGO,,FFFFFF00
INTERCO TEBES INVIERNO 2026.xlsx,Lista precios,PA03,104,9013,15/FACT 191824,15,191824,,LLEGO,,FFFFFF00
INTERCO TEBES INVIERNO 2026.xlsx,Lista precios,PA04,104,9013,15/FACT 191824,15,191824,,LLEGO,,FFFFFF00
INTERCO TEBES INVIERNO 2026.xlsx,Lista precios,PA02,105,,15/FACT 192502,15,192502,,LLEGO,,FFFFFF00
INTERCO TEBES INVIERNO 2026.xlsx,Lista precios,PA03,105,,15/FACT 192502,15,192502,,LLEGO,,FFFFFF00
INTERCO TEBES INVIERNO 2026.xlsx,Lista precios,PA04,105,,15/FACT 192502,15,192502,,LLEGO,,FFFFFF00
INTERCO TEBES INVIERNO 2026.xlsx,Lista precios,PA04,106,,15/FACT 192502,15,192502,,LLEGO,,FFFFFF00
INTERCO TEBES INVIERNO 2026.xlsx,Lista precios,PA02,108,,15/FACT 191824,15,191824,,LLEGO,,FFFFFF00
INTERCO TEBES INVIERNO 2026.xlsx,Lista precios,PA03,108,,15/FACT 191824,15,191824,,LLEGO,,FFFFFF00
INTERCO TEBES INVIERNO 2026.xlsx,Lista precios,PA04,108,,15/FACT 191824,15,191824,,LLEGO,,FFFFFF00
INTERCO TEBES INVIERNO 2026.xlsx,Lista precios,PA04,109,,15/FACT 191824,15,191824,,LLEGO,,FFFFFF00
INTERCO TEBES INVIERNO 2026.xlsx,Lista precios,PA02,110,UNS,15/FACT 192502,15,192502,,LLEGO,,FFFFFF00
INTERCO TEBES INVIERNO 2026.xlsx,Lista precios,PA03,110,UNS,15/FACT 192502,15,192502,,LLEGO,,FFFFFF00
INTERCO TEBES INVIERNO 2026.xlsx,Lista precios,PA04,110,UNS,15/FACT 192502,15,192502,,LLEGO,,FFFFFF00
INTERCO TEBES INVIERNO 2026.xlsx,Lista precios,PA02,111,9028,15/FACT 191824,15,191824,,LLEGO,,FFFFFF00
INTERCO TEBES INVIERNO 2026.xlsx,Lista precios,PA03,111,9028,15/FACT 191824,15,191824,,LLEGO,,FFFFFF00
INTERCO TEBES INVIERNO 2026.xlsx,Lista precios,PA03,112,,15/FACT 191824,15,191824,,LLEGO,,FFFFFF00
INTERCO TEBES INVIERNO 2026.xlsx,Lista precios,PA02,121,,15/fact 192801,15,192801,,LLEGO,,FFFFFF00
INTERCO TEBES INVIERNO 2026.xlsx,Lista precios,PA02,123,9872,15,15,,,ANULADO,45,
INTERCO TEBES INVIERNO 2026.xlsx,Lista precios,PA03,123,9872,15,15,,,ANULADO,45,
INTERCO TEBES INVIERNO 2026.xlsx,Lista precios,PA04,123,9872,15,15,,,ANULADO,45,
INTERCO TEBES INVIERNO 2026.xlsx,Lista precios,PA02,124,,15/FACT 191826,15,191826,,LLEGO,,FFFFFF00
INTERCO TEBES INVIERNO 2026.xlsx,Lista precios,PA03,124,,15/FACT 191826,15,191826,,LLEGO,,FFFFFF00
INTERCO TEBES INVIERNO 2026.xlsx,Lista precios,PA04,124,,15/FACT 191826,15,191826,,LLEGO,,FFFFFF00
INTERCO TEBES INVIERNO 2026.xlsx,Lista precios,PA02,140,,15/fact 192800,15,192800,,LLEGO,,FFFFFF00
INTERCO TEBES INVIERNO 2026.xlsx,Lista precios,PA03,140,,15/fact 192800,15,192800,,LLEGO,,FFFFFF00
INTERCO TEBES INVIERNO 2026.xlsx,Lista precios,PA02,141,,15/fact 192800,15,192800,,LLEGO,,FFFFFF00
INTERCO TEBES INVIERNO 2026.xlsx,Lista precios,PA03,141,,15/fact 192800,15,192800,,LLEGO,,FFFFFF00
INTERCO TEBES INVIERNO 2026.xlsx,Lista precios,PA02,144,,15,15,,,PENDIENTE,,
INTERCO TEBES INVIERNO 2026.xlsx,Lista precios,PA03,144,,15,15,,,PENDIENTE,,
INTERCO TEBES INVIERNO 2026.xlsx,Lista precios,PA02,145,,15,15,,,PENDIENTE,,
INTERCO TEBES INVIERNO 2026.xlsx,Lista precios,PA03,145,,15,15,,,PENDIENTE,,
INTERCO TEBES INVIERNO 2026.xlsx,Lista precios,PA02,147,9892,15,15,,,ANULADO,15,FFFF0000
INTERCO TEBES INVIERNO 2026.xlsx,Lista precios,PA02,148,,15,15,,,ANULADO,30,FFFF0000
INTERCO TEBES INVIERNO 2026.xlsx,Lista precios,PA03,148,,15,15,,,ANULADO,30,FFFF0000
INTERCO TEBES INVIERNO 2026.xlsx,Lista precios,PA02,155,9911,15,15,,,ANULADO,30,FFFF0000
INTERCO TEBES INVIERNO 2026.xlsx,Lista precios,PA03,155,9911,15,15,,,ANULADO,30,FFFF0000
INTERCO TEBES INVIERNO 2026.xlsx,Lista precios,PA02,156,,15,15,,,ANULADO,30,FFFF0000
INTERCO TEBES INVIERNO 2026.xlsx,Lista precios,PA03,156,,15,15,,,ANULADO,30,FFFF0000
LP CONSOLIDADO GILDA TEVEZ  INVIERNO 2026.xlsm,LP. CONSOLIDADO,PA02,14,1-BAMBINA-3,12/FACT 9731,12,9731,,LLEGO,,
LP CONSOLIDADO GILDA TEVEZ  INVIERNO 2026.xlsm,LP. CONSOLIDADO,PA03,14,1-BAMBINA-3,12/FACT 9731,12,9731,,LLEGO,,
LP CONSOLIDADO GILDA TEVEZ  INVIERNO 2026.xlsm,LP. CONSOLIDADO,PA04,14,1-BAMBINA-3,12/FACT 9731,12,9731,,LLEGO,,
LP CONSOLIDADO GILDA TEVEZ  INVIERNO 2026.xlsm,LP. CONSOLIDADO,PA02,17,1-BAMBINA-3,12,12,,,PENDIENTE,,
LP CONSOLIDADO GILDA TEVEZ  INVIERNO 2026.xlsm,LP. CONSOLIDADO,PA03,17,1-BAMBINA-3,12,12,,,PENDIENTE,,
LP CONSOLIDADO GILDA TEVEZ  INVIERNO 2026.xlsm,LP. CONSOLIDADO,PA04,17,1-BAMBINA-3,12,12,,,PENDIENTE,,
LP CONSOLIDADO GILDA TEVEZ  INVIERNO 2026.xlsm,LP. CONSOLIDADO,PA02,22,1-BAMBINA-4,12/fact 10182 23/03/2026,12,10182,23/03/2026,LLEGO,,
LP CONSOLIDADO GILDA TEVEZ  INVIERNO 2026.xlsm,LP. CONSOLIDADO,PA03,22,1-BAMBINA-4,12/fact 10182 23/03/2026,12,10182,23/03/2026,LLEGO,,
LP CONSOLIDADO GILDA TEVEZ  INVIERNO 2026.xlsm,LP. CONSOLIDADO,PA04,22,1-BAMBINA-4,12/fact 10182 23/03/2026,12,10182,23/03/2026,LLEGO,,
LP CONSOLIDADO GILDA TEVEZ  INVIERNO 2026.xlsm,LP. CONSOLIDADO,PA03,24,1-BAMBINA-5,12/FACT 9731,12,9731,,LLEGO,,
LP CONSOLIDADO GILDA TEVEZ  INVIERNO 2026.xlsm,LP. CONSOLIDADO,PA04,62,1-JORDI-1,12/fact 9795 09/02/2026,12,9795,09/02/2026,LLEGO,,
LP CONSOLIDADO GILDA TEVEZ  INVIERNO 2026.xlsm,LP. CONSOLIDADO,PA04,67,1-JORDI-2,12/fact 9795 09/02/2026,12,9795,09/02/2026,LLEGO,,
LP CONSOLIDADO GILDA TEVEZ  INVIERNO 2026.xlsm,LP. CONSOLIDADO,PA03,94,1-PLATAFORM-7,12/fact 10182 23/03/2026,12,10182,23/03/2026,LLEGO,,
LP CONSOLIDADO GILDA TEVEZ  INVIERNO 2026.xlsm,LP. CONSOLIDADO,PA04,94,1-PLATAFORM-7,12/fact 10182 23/03/2026,12,10182,23/03/2026,LLEGO,,
LP CONSOLIDADO GILDA TEVEZ  INVIERNO 2026.xlsm,LP. CONSOLIDADO,PA02,97,1-PLATAFORM-8,12/FACT 9731,12,9731,,LLEGO,,
LP CONSOLIDADO GILDA TEVEZ  INVIERNO 2026.xlsm,LP. CONSOLIDADO,PA03,97,1-PLATAFORM-8,12/FACT 9731,12,9731,,LLEGO,,
LP CONSOLIDADO GILDA TEVEZ  INVIERNO 2026.xlsm,LP. CONSOLIDADO,PA04,103,1-PLATAFORM30,12/fact 10182 23/03/2026,12,10182,23/03/2026,LLEGO,,
LP CONSOLIDADO GILDA TEVEZ  INVIERNO 2026.xlsm,LP. CONSOLIDADO,PA02,134,1-VITA-2,12/FACT 9731,12,9731,,LLEGO,,
LP CONSOLIDADO GILDA TEVEZ  INVIERNO 2026.xlsm,LP. CONSOLIDADO,PA03,134,1-VITA-2,12/FACT 9731,12,9731,,LLEGO,,
LP CONSOLIDADO GILDA TEVEZ  INVIERNO 2026.xlsm,LP. CONSOLIDADO,PA04,134,1-VITA-2,12/FACT 9731,12,9731,,LLEGO,,
LP CONSOLIDADO GILDA TEVEZ  INVIERNO 2026.xlsm,LP. CONSOLIDADO,PA02,136,1-VITA-5,12,12,,,PENDIENTE,,
LP CONSOLIDADO GILDA TEVEZ  INVIERNO 2026.xlsm,LP. CONSOLIDADO,PA03,136,1-VITA-5,12,12,,,PENDIENTE,,
LP CONSOLIDADO GILDA TEVEZ  INVIERNO 2026.xlsm,LP. CONSOLIDADO,PA02,138,1-VITA-5,12,12,,,PENDIENTE,,
LP CONSOLIDADO GILDA TEVEZ  INVIERNO 2026.xlsm,LP. CONSOLIDADO,PA03,138,1-VITA-5,12,12,,,PENDIENTE,,
LP CONSOLIDADO GILDA TEVEZ  INVIERNO 2026.xlsm,LP. CONSOLIDADO,PA02,140,1-VITAON-5,12/FACT 9731,12,9731,,LLEGO,,
LP CONSOLIDADO GILDA TEVEZ  INVIERNO 2026.xlsm,LP. CONSOLIDADO,PA03,140,1-VITAON-5,12/FACT 9731,12,9731,,LLEGO,,
LP CONSOLIDADO GILDA TEVEZ  INVIERNO 2026.xlsm,LP. CONSOLIDADO,PA04,140,1-VITAON-5,12/FACT 9731,12,9731,,LLEGO,,
LP CONSOLIDADO GILDA TEVEZ  INVIERNO 2026.xlsm,LP. CONSOLIDADO,PA02,141,1-VITAON-5,12/FACT 9731,12,9731,,LLEGO,,
LP CONSOLIDADO GILDA TEVEZ  INVIERNO 2026.xlsm,LP. CONSOLIDADO,PA03,141,1-VITAON-5,12/FACT 9731,12,9731,,LLEGO,,
LP CONSOLIDADO GILDA TEVEZ  INVIERNO 2026.xlsm,LP. CONSOLIDADO,PA04,141,1-VITAON-5,12/FACT 9731,12,9731,,LLEGO,,
LP CONSOLIDADO GILDA TEVEZ  INVIERNO 2026.xlsm,LP. CONSOLIDADO,PA02,155,5-COBNA-2,12/fact 9981 02/03/2026,12,9981,02/03/2026,LLEGO,,
LP CONSOLIDADO GILDA TEVEZ  INVIERNO 2026.xlsm,LP. CONSOLIDADO,PA03,155,5-COBNA-2,12/fact 9981 02/03/2026,12,9981,02/03/2026,LLEGO,,
LP CONSOLIDADO GILDA TEVEZ  INVIERNO 2026.xlsm,LP. CONSOLIDADO,PA04,155,5-COBNA-2,12/fact 9981 02/03/2026,12,9981,02/03/2026,LLEGO,,
LP CONSOLIDADO GILDA TEVEZ  INVIERNO 2026.xlsm,LP. CONSOLIDADO,PA03,157,5-COBNA-2,12/fact 9981 02/03/2026,12,9981,02/03/2026,LLEGO,,
LP CONSOLIDADO GILDA TEVEZ  INVIERNO 2026.xlsm,LP. CONSOLIDADO,PA04,157,5-COBNA-2,12/fact 9981 02/03/2026,12,9981,02/03/2026,LLEGO,,
LP CONSOLIDADO GILDA TEVEZ  INVIERNO 2026.xlsm,LP. CONSOLIDADO,PA02,159,5-COBNA-2,12/fact 9981 02/03/2026,12,9981,02/03/2026,LLEGO,,
LP CONSOLIDADO GILDA TEVEZ  INVIERNO 2026.xlsm,LP. CONSOLIDADO,PA03,159,5-COBNA-2,12/fact 9981 02/03/2026,12,9981,02/03/2026,LLEGO,,
LP CONSOLIDADO GILDA TEVEZ  INVIERNO 2026.xlsm,LP. CONSOLIDADO,PA04,159,5-COBNA-2,12/fact 9981 02/03/2026,12,9981,02/03/2026,LLEGO,,
LP CONSOLIDADO GILDA TEVEZ  INVIERNO 2026.xlsm,LP. CONSOLIDADO,PA02,161,5-COBNA-6,12,12,,,PENDIENTE,,theme0/0.00
LP CONSOLIDADO GILDA TEVEZ  INVIERNO 2026.xlsm,LP. CONSOLIDADO,PA03,161,5-COBNA-6,12,12,,,PENDIENTE,,
LP CONSOLIDADO GILDA TEVEZ  INVIERNO 2026.xlsm,LP. CONSOLIDADO,PA02,164,5-COSIMO-3,12,12,,,PENDIENTE,,
LP CONSOLIDADO GILDA TEVEZ  INVIERNO 2026.xlsm,LP. CONSOLIDADO,PA03,164,5-COSIMO-3,12,12,,,PENDIENTE,,
LP CONSOLIDADO GILDA TEVEZ  INVIERNO 2026.xlsm,LP. CONSOLIDADO,PA04,164,5-COSIMO-3,12,12,,,PENDIENTE,,
LP CONSOLIDADO GILDA TEVEZ  INVIERNO 2026.xlsm,LP. CONSOLIDADO,PA02,174,5-FASHION-71,12/fact 9927 23/02/2026,12,9927,23/02/2026,LLEGO,,
LP CONSOLIDADO GILDA TEVEZ  INVIERNO 2026.xlsm,LP. CONSOLIDADO,PA03,174,5-FASHION-71,12/fact 9927 23/02/2026,12,9927,23/02/2026,LLEGO,,
LP CONSOLIDADO GILDA TEVEZ  INVIERNO 2026.xlsm,LP. CONSOLIDADO,PA04,174,5-FASHION-71,12/fact 9927 23/02/2026,12,9927,23/02/2026,LLEGO,,
LP CONSOLIDADO GILDA TEVEZ  INVIERNO 2026.xlsm,LP. CONSOLIDADO,PA04,176,5-FASHION-71,12/fact 9927 23/02/2026,12,9927,23/02/2026,LLEGO,,
LP CONSOLIDADO GILDA TEVEZ  INVIERNO 2026.xlsm,LP. CONSOLIDADO,PA02,178,5-FASHION-81,12/fact 9927 23/02/2026,12,9927,23/02/2026,LLEGO,,
LP CONSOLIDADO GILDA TEVEZ  INVIERNO 2026.xlsm,LP. CONSOLIDADO,PA04,192,5-PHANIE-14,12,12,,,PENDIENTE,,
LP CONSOLIDADO GILDA TEVEZ  INVIERNO 2026.xlsm,LP. CONSOLIDADO,PA02,225,7-TAP-25,12,12,,,PENDIENTE,,theme0/0.00
LP CONSOLIDADO GILDA TEVEZ  INVIERNO 2026.xlsm,LP. CONSOLIDADO,PA03,225,7-TAP-25,12,12,,,PENDIENTE,,
LP CONSOLIDADO GILDA TEVEZ  INVIERNO 2026.xlsm,LP. CONSOLIDADO,PA02,227,7-TAP-25,15/fact 10114 16/03/2026,15,10114,16/03/2026,LLEGO,,theme0/0.00
LP CONSOLIDADO GILDA TEVEZ  INVIERNO 2026.xlsm,LP. CONSOLIDADO,PA03,227,7-TAP-25,15/fact 10114 16/03/2026,15,10114,16/03/2026,LLEGO,,theme0/0.00
LP CONSOLIDADO GILDA TEVEZ  INVIERNO 2026.xlsm,LP. CONSOLIDADO,PA02,304,12-COLES-1,12/fact 9907 23/02/2026,12,9907,23/02/2026,LLEGO,,
LP CONSOLIDADO GILDA TEVEZ  INVIERNO 2026.xlsm,LP. CONSOLIDADO,PA03,304,12-COLES-1,12/fact 9907 23/02/2026,12,9907,23/02/2026,LLEGO,,
LP CONSOLIDADO GILDA TEVEZ  INVIERNO 2026.xlsm,LP. CONSOLIDADO,PA04,304,12-COLES-1,12/fact 9907 23/02/2026,12,9907,23/02/2026,LLEGO,,
LP CONSOLIDADO GILDA TEVEZ  INVIERNO 2026.xlsm,LP. CONSOLIDADO,PA02,320,12-FLEXI-24,12/fact 9907 23/02/2026,12,9907,23/02/2026,LLEGO,,
LP CONSOLIDADO GILDA TEVEZ  INVIERNO 2026.xlsm,LP. CONSOLIDADO,PA03,320,12-FLEXI-24,12/fact 9907 23/02/2026,12,9907,23/02/2026,LLEGO,,
LP CONSOLIDADO GILDA TEVEZ  INVIERNO 2026.xlsm,LP. CONSOLIDADO,PA04,320,12-FLEXI-24,12/fact 9907 23/02/2026,12,9907,23/02/2026,LLEGO,,
LP CONSOLIDADO GILDA TEVEZ  INVIERNO 2026.xlsm,LP. CONSOLIDADO,PA02,322,12-FLEXI-25,12/fact 9907 23/02/2026,12,9907,23/02/2026,LLEGO,,
LP CONSOLIDADO GILDA TEVEZ  INVIERNO 2026.xlsm,LP. CONSOLIDADO,PA03,322,12-FLEXI-25,12/fact 9907 23/02/2026,12,9907,23/02/2026,LLEGO,,
LP CONSOLIDADO GILDA TEVEZ  INVIERNO 2026.xlsm,LP. CONSOLIDADO,PA04,322,12-FLEXI-25,12/fact 9907 23/02/2026,12,9907,23/02/2026,LLEGO,,
LP CONSOLIDADO GILDA TEVEZ  INVIERNO 2026.xlsm,LP. CONSOLIDADO,PA02,329,12-FLEXI-42,12/fact 9907 23/02/2026,12,9907,23/02/2026,LLEGO,,
LP CONSOLIDADO GILDA TEVEZ  INVIERNO 2026.xlsm,LP. CONSOLIDADO,PA03,329,12-FLEXI-42,12/fact 9907 23/02/2026,12,9907,23/02/2026,LLEGO,,
LP CONSOLIDADO GILDA TEVEZ  INVIERNO 2026.xlsm,LP. CONSOLIDADO,PA03,331,12-FLEXI-42,12/fact 9907 23/02/2026,12,9907,23/02/2026,LLEGO,,
LP CONSOLIDADO GILDA TEVEZ  INVIERNO 2026.xlsm,LP. CONSOLIDADO,PA02,335,12-FLEXI-43,12/fact 9907 23/02/2026,12,9907,23/02/2026,LLEGO,,
LP CONSOLIDADO GILDA TEVEZ  INVIERNO 2026.xlsm,LP. CONSOLIDADO,PA03,335,12-FLEXI-43,12/fact 9907 23/02/2026,12,9907,23/02/2026,LLEGO,,
LP CONSOLIDADO GILDA TEVEZ  INVIERNO 2026.xlsm,LP. CONSOLIDADO,PA04,335,12-FLEXI-43,12/fact 9907 23/02/2026,12,9907,23/02/2026,LLEGO,,
LP CONSOLIDADO GILDA TEVEZ  INVIERNO 2026.xlsm,LP. CONSOLIDADO,PA03,340,12-FLEXI-51,12/fact 9795 09/02/2026,12,9795,09/02/2026,LLEGO,,
LP CONSOLIDADO GILDA TEVEZ  INVIERNO 2026.xlsm,LP. CONSOLIDADO,PA04,340,12-FLEXI-51,12/fact 9795 09/02/2026,12,9795,09/02/2026,LLEGO,,
LP CONSOLIDADO GILDA TEVEZ  INVIERNO 2026.xlsm,LP. CONSOLIDADO,PA03,354,12-HOT-70,12/fact 9795 09/02/2026,12,9795,09/02/2026,LLEGO,,
LP CONSOLIDADO GILDA TEVEZ  INVIERNO 2026.xlsm,LP. CONSOLIDADO,PA04,354,12-HOT-70,12/fact 9795 09/02/2026,12,9795,09/02/2026,LLEGO,,
LP CONSOLIDADO GILDA TEVEZ  INVIERNO 2026.xlsm,LP. CONSOLIDADO,PA04,370,23-JETTIX-2,12/F 9685,12,9685,,LLEGO,,
LP CONSOLIDADO GILDA TEVEZ  INVIERNO 2026.xlsm,LP. CONSOLIDADO,PA04,372,23-JETTIX-2,12/fact 9795 09/02/2026,12,9795,09/02/2026,LLEGO,,
LP CONSOLIDADO GILDA TEVEZ  INVIERNO 2026.xlsm,LP. CONSOLIDADO,PA04,374,23-JETTIX-3,12,12,,,PENDIENTE,,
LP CONSOLIDADO GILDA TEVEZ  INVIERNO 2026.xlsm,LP. CONSOLIDADO,PA04,376,23-JETTIX-3,12,12,,,PENDIENTE,,
LP CONSOLIDADO GILDA TEVEZ  INVIERNO 2026.xlsm,LP. CONSOLIDADO,PA04,378,23-JOGGO-7,12/fact 9795 09/02/2026,12,9795,09/02/2026,LLEGO,,
LP CONSOLIDADO GILDA TEVEZ  INVIERNO 2026.xlsm,LP. CONSOLIDADO,PA02,388,23-MATRIX-1,12,12,,,PENDIENTE,,
LP CONSOLIDADO GILDA TEVEZ  INVIERNO 2026.xlsm,LP. CONSOLIDADO,PA02,400,23-MEMPHI-2,12/F 9685,12,9685,,LLEGO,,
LP CONSOLIDADO GILDA TEVEZ  INVIERNO 2026.xlsm,LP. CONSOLIDADO,PA03,400,23-MEMPHI-2,12/ FACT 9685,12,9685,,LLEGO,,
LP CONSOLIDADO GILDA TEVEZ  INVIERNO 2026.xlsm,LP. CONSOLIDADO,PA02,404,23-MITSU-2,12,12,,,PENDIENTE,,
LP CONSOLIDADO GILDA TEVEZ  INVIERNO 2026.xlsm,LP. CONSOLIDADO,PA03,404,23-MITSU-2,12,12,,,PENDIENTE,,
LP CONSOLIDADO GILDA TEVEZ  INVIERNO 2026.xlsm,LP. CONSOLIDADO,PA02,406,23-MITSU-2,12/fact 9795 09/02/2026,12,9795,09/02/2026,LLEGO,,
LP CONSOLIDADO GILDA TEVEZ  INVIERNO 2026.xlsm,LP. CONSOLIDADO,PA03,406,23-MITSU-2,12/fact 9795 09/02/2026,12,9795,09/02/2026,LLEGO,,
LP CONSOLIDADO GILDA TEVEZ  INVIERNO 2026.xlsm,LP. CONSOLIDADO,PA02,492,36-DANAY-1,12/fact 9795 09/02/2026,12,9795,09/02/2026,LLEGO,,
LP CONSOLIDADO GILDA TEVEZ  INVIERNO 2026.xlsm,LP. CONSOLIDADO,PA02,493,36-DANAY-1,12/fact 9795 09/02/2026,12,9795,09/02/2026,LLEGO,,
LP CONSOLIDADO GILDA TEVEZ  INVIERNO 2026.xlsm,LP. CONSOLIDADO,PA03,504,36-MATTER-20,12,12,,,PENDIENTE,,
LP CONSOLIDADO GILDA TEVEZ  INVIERNO 2026.xlsm,LP. CONSOLIDADO,PA04,504,36-MATTER-20,12,12,,,PENDIENTE,,
LP CONSOLIDADO GILDA TEVEZ  INVIERNO 2026.xlsm,LP. CONSOLIDADO,PA04,541,36-RAYO-2,12/fact 9795 09/02/2026,12,9795,09/02/2026,LLEGO,,
LP CONSOLIDADO GILDA TEVEZ  INVIERNO 2026.xlsm,LP. CONSOLIDADO,PA03,543,36-RAYO-3,12/fact 9795 09/02/2026,12,9795,09/02/2026,LLEGO,,
LP CONSOLIDADO GILDA TEVEZ  INVIERNO 2026.xlsm,LP. CONSOLIDADO,PA02,565,37-ANDY-12,12/FACT 9859,12,9859,,LLEGO,,
LP CONSOLIDADO GILDA TEVEZ  INVIERNO 2026.xlsm,LP. CONSOLIDADO,PA02,568,37-ANNIE-1,12/fact 9795 09/02/2026,12,9795,09/02/2026,LLEGO,,
LP CONSOLIDADO GILDA TEVEZ  INVIERNO 2026.xlsm,LP. CONSOLIDADO,PA03,568,37-ANNIE-1,12/fact 9795 09/02/2026,12,9795,09/02/2026,LLEGO,,
LP CONSOLIDADO GILDA TEVEZ  INVIERNO 2026.xlsm,LP. CONSOLIDADO,PA04,568,37-ANNIE-1,12/fact 9795 09/02/2026,12,9795,09/02/2026,LLEGO,,
LP CONSOLIDADO GILDA TEVEZ  INVIERNO 2026.xlsm,LP. CONSOLIDADO,PA02,569,37-ANNIE-1,12/F 9685,12,9685,,LLEGO,,
LP CONSOLIDADO GILDA TEVEZ  INVIERNO 2026.xlsm,LP. CONSOLIDADO,PA03,569,37-ANNIE-1,12/F 9685,12,9685,,LLEGO,,
LP CONSOLIDADO GILDA TEVEZ  INVIERNO 2026.xlsm,LP. CONSOLIDADO,PA02,583,37-JETTIXLOW1,12,12,,,PENDIENTE,,FF92D050
LP CONSOLIDADO GILDA TEVEZ  INVIERNO 2026.xlsm,LP. CONSOLIDADO,PA03,583,37-JETTIXLOW1,12,12,,,PENDIENTE,,
LP CONSOLIDADO GILDA TEVEZ  INVIERNO 2026.xlsm,LP. CONSOLIDADO,PA02,584,37-JETTIXLOW1,12,12,,,PENDIENTE,,FF92D050
LP CONSOLIDADO GILDA TEVEZ  INVIERNO 2026.xlsm,LP. CONSOLIDADO,PA02,588,37-PINGUIH-1,12/fact 9795 09/02/2026,12,9795,09/02/2026,LLEGO,,
LP CONSOLIDADO GILDA TEVEZ  INVIERNO 2026.xlsm,LP. CONSOLIDADO,PA04,588,37-PINGUIH-1,12/fact 9795 09/02/2026,12,9795,09/02/2026,LLEGO,,
LP CONSOLIDADO GILDA TEVEZ  INVIERNO 2026.xlsm,LP. CONSOLIDADO,PA02,590,37-PINGUIH-1,12/fact 9795 09/02/2026,12,9795,09/02/2026,LLEGO,,
LP CONSOLIDADO GILDA TEVEZ  INVIERNO 2026.xlsm,LP. CONSOLIDADO,PA04,590,37-PINGUIH-1,12/fact 9795 09/02/2026,12,9795,09/02/2026,LLEGO,,
LP CONSOLIDADO GILDA TEVEZ  INVIERNO 2026.xlsm,LP. CONSOLIDADO,PA04,592,37-PINGUIH-1,12/FACT 9859 16/02/2026,12,9859,16/02/2026,LLEGO,,FF92D050
LP CONSOLIDADO GILDA TEVEZ  INVIERNO 2026.xlsm,LP. CONSOLIDADO,PA04,623,38-AILEN-1,12/FACT 9859 16/02/2026,12,9859,16/02/2026,LLEGO,,
LP CONSOLIDADO GILDA TEVEZ  INVIERNO 2026.xlsm,LP. CONSOLIDADO,PA04,624,38-AILEN-1,12/fact 10163 23/03/2026,12,10163,23/03/2026,LLEGO,,
LP CONSOLIDADO GILDA TEVEZ  INVIERNO 2026.xlsm,LP. CONSOLIDADO,PA04,753,39-JOKA-2,12/fact 9981 02/03/2026,12,9981,02/03/2026,LLEGO,,
LP CONSOLIDADO GILDA TEVEZ  INVIERNO 2026.xlsm,LP. CONSOLIDADO,PA03,755,39-JOKA-3,12,12,,,PENDIENTE,,
LP CONSOLIDADO GILDA TEVEZ  INVIERNO 2026.xlsm,LP. CONSOLIDADO,PA03,756,39-JOKA-3,12/fact 9981 02/03/2026,12,9981,02/03/2026,LLEGO,,
LP CONSOLIDADO GILDA TEVEZ  INVIERNO 2026.xlsm,LP. CONSOLIDADO,PA02,769,46-COSTA-2,12/fact 10182 23/03/2026,12,10182,23/03/2026,LLEGO,,
LP CONSOLIDADO GILDA TEVEZ  INVIERNO 2026.xlsm,LP. CONSOLIDADO,PA03,769,46-COSTA-2,12/fact 10182 23/03/2026,12,10182,23/03/2026,LLEGO,,
LP CONSOLIDADO GILDA TEVEZ  INVIERNO 2026.xlsm,LP. CONSOLIDADO,PA02,771,46-COSTA-2,12/fact 10182 23/03/2026,12,10182,23/03/2026,LLEGO,,
LP CONSOLIDADO GILDA TEVEZ  INVIERNO 2026.xlsm,LP. CONSOLIDADO,PA03,771,46-COSTA-2,12/fact 10182 23/03/2026,12,10182,23/03/2026,LLEGO,,
LP CONSOLIDADO GILDA TEVEZ  INVIERNO 2026.xlsm,LP. CONSOLIDADO,PA04,816,51-BALDI-1,12/fact 9795 09/02/2026,12,9795,09/02/2026,LLEGO,,
LP CONSOLIDADO GILDA TEVEZ  INVIERNO 2026.xlsm,LP. CONSOLIDADO,PA04,844,51-BRUNA-3,12,12,,,PENDIENTE,,
LP CONSOLIDADO GILDA TEVEZ  INVIERNO 2026.xlsm,LP. CONSOLIDADO,PA04,847,51-BRUNA-3,12,12,,,PENDIENTE,,
