marca_catalogo,articulo_catalogo,estado,n_productos_bd,marcas_bd_encontradas,sucursales,ejemplo_descripcion,primera_creacion
,37-GALLYNEW-1,SIN MATCH,0,,,,
,37-JANE-1,SIN MATCH,0,,,,
,37-JETUR-1,SIN MATCH,0,,,,
,37-PIERCE-1,SIN MATCH,0,,,,
,X,SIN MATCH,0,,,,
ALQUIMIA,3024,SIN MATCH,0,,,,
ALQUIMIA,3041,MARCA+ART,5,ALQUIMIA,EDEL;PAO1;PAO2;PAO3;PAO4,ZAPATO,2025-01-20
ALQUIMIA,3048,SIN MATCH,0,,,,
ALQUIMIA,3097,SIN MATCH,0,,,,
ALQUIMIA,3101,MARCA+ART,6,ALQUIMIA,EDEL;PAO2;PAO3,ZAPATO,2024-09-16
ALQUIMIA,3128,SIN MATCH,0,,,,
ALQUIMIA,3138,SIN MATCH,0,,,,
ALQUIMIA,3209,SIN MATCH,0,,,,
ALQUIMIA,3360,MARCA+ART,6,ALQUIMIA,EDEL;PAO3;PAO4,VESTIR,2023-10-16
ALQUIMIA,3364,MARCA+ART,4,ALQUIMIA,EDEL;PAO1,VESTIR,2019-08-19
ALQUIMIA,4458,SIN MATCH,0,,,,
ALQUIMIA,4473,SIN MATCH,0,,,,
ALQUIMIA,4561,SIN MATCH,0,,,,
ALQUIMIA,4856,SOLO ART,2,ADIDAS;NICOLE ANDREA,EDEL,F50 LESTO,2026-04-15
ALQUIMIA,4861,SOLO ART,1,DRIBLING,EDEL,MEDIA REUSCH,2026-04-15
ALQUIMIA,4872,SOLO ART,4,BAMBOO,EDEL;PAO2,BOTA,2024-03-25
ALQUIMIA,5871,SIN MATCH,0,,,,
BAMBOO,1809,SOLO ART,5,CIRCA;SKECHERS,EDEL;NICK2,VULC YOUTH,2024-04-23
BAMBOO,1816,MARCA+ART,7,BAMBOO,EDEL;PAO2;PAO3;PAO4,BOTIN,2024-03-25
BAMBOO,1824,SOLO ART,2,NIKE;SKECHERS,EDEL,BALON T90,2026-04-15
BAMBOO,2920,SIN MATCH,0,,,,
CHALADA,1-ARIZONA-1,SIN MATCH,0,,,,
CHALADA,1-ARMY-50,MARCA+ART,5,CHALADA,EDEL;PAO2;PAO3,BOTIN,2022-03-21
CHALADA,1-BAMBINA-21,SIN MATCH,0,,,,
CHALADA,1-BAMBINA-23,MARCA+ART,3,CHALADA,EDEL;PAO3;PAO4,ZAPATILLA,2024-02-19
CHALADA,1-BAMBINA-26,SIN MATCH,0,,,,
CHALADA,1-BAMBINA-27,SIN MATCH,0,,,,
CHALADA,1-BAMBINA-3,MARCA+ART,10,CHALADA,EDEL;PAO1;PAO2;PAO3;PAO4,BOTIN,2018-09-05
CHALADA,1-BAMBINA-4,MARCA+ART,4,CHALADA,EDEL;PAO2;PAO3;PAO4,BOTIN,2025-02-17
CHALADA,1-BAMBINA-5,MARCA+ART,5,CHALADA,EDEL;PAO3;PAO4,BOTIN,2019-03-13
CHALADA,1-BIRY-2,SIN MATCH,0,,,,
CHALADA,1-BOLDEN-5,SOLO ART,9,FUNWAY,EDEL;PAO1;PAO2;PAO3;PAO4,ZAPATILLA,2022-03-21
CHALADA,1-ELLA-1,SIN MATCH,0,,,,
CHALADA,1-ELLA-11,SIN MATCH,0,,,,
CHALADA,1-ELLA-15,SIN MATCH,0,,,,
CHALADA,1-ELLA-17,SIN MATCH,0,,,,
CHALADA,1-ELLA-19,SIN MATCH,0,,,,
CHALADA,1-ELLA-22,SIN MATCH,0,,,,
CHALADA,1-EVA-1,SIN MATCH,0,,,,
CHALADA,1-GALLY-1,MARCA+ART,2,CHALADA,EDEL;PAO2,BOTA,2024-03-11
CHALADA,1-JORDI-1,MARCA+ART,5,CHALADA,EDEL;PAO3;PAO4,BOTIN,2025-02-17
CHALADA,1-JORDI-10,SIN MATCH,0,,,,
CHALADA,1-JORDI-11,SIN MATCH,0,,,,
CHALADA,1-JORDI-14,SIN MATCH,0,,,,
CHALADA,1-JORDI-2,MARCA+ART,4,CHALADA,EDEL;PAO4,BOTIN,2025-02-17
CHALADA,1-JORKY-5,SIN MATCH,0,,,,
CHALADA,1-JORKY-6,SIN MATCH,0,,,,
CHALADA,1-KREP-1,SIN MATCH,0,,,,
CHALADA,1-KREPIN-1,SIN MATCH,0,,,,
CHALADA,1-KREPIN-2,SIN MATCH,0,,,,
CHALADA,1-KREPIN-3,SIN MATCH,0,,,,
CHALADA,1-LENNON-1,SIN MATCH,0,,,,
CHALADA,1-LENNON-2,SIN MATCH,0,,,,
CHALADA,1-PLATAFORM-7,MARCA+ART,10,CHALADA,EDEL;PAO1;PAO2;PAO3;PAO4,BOTA PLATAFORM-7,2018-08-20
CHALADA,1-PLATAFORM-8,MARCA+ART,12,CHALADA,EDEL;PAO1;PAO2;PAO3;PAO4,ZAPATO,2018-08-29
CHALADA,1-PLATAFORM12,MARCA+ART,8,CHALADA,EDEL;EDEL FALLADOS;PAO1;PAO2;PAO3;PAO4,BOTIN,2019-03-13
CHALADA,1-PLATAFORM30,MARCA+ART,4,CHALADA,EDEL;PAO2;PAO3;PAO4,BOTA,2024-03-11
CHALADA,1-SELINA-5,MARCA+ART,3,CHALADA,EDEL;PAO1;PAO4,BOTIN,2023-09-25
CHALADA,1-SIMONA-1,SIN MATCH,0,,,,
CHALADA,1-SIMONA-2,SIN MATCH,0,,,,
CHALADA,1-SLIK-10,MARCA+ART,4,CHALADA,EDEL;PAO4,BOTIN,2025-03-17
CHALADA,1-SLIK-11,MARCA+ART,2,CHALADA,EDEL;PAO4,BOTIN,2025-03-17
CHALADA,1-STUDIO-1,SIN MATCH,0,,,,
CHALADA,1-SURA-1,SIN MATCH,0,,,,
CHALADA,1-TAHOE-1,SIN MATCH,0,,,,
CHALADA,1-TORRI-11,SIN MATCH,0,,,,
CHALADA,1-TORRI-22,SIN MATCH,0,,,,
CHALADA,1-TORRI-30,SIN MATCH,0,,,,
CHALADA,1-VITA-2,MARCA+ART,5,CHALADA,EDEL;PAO2;PAO3;PAO4,ZAPATILLA,2025-02-17
CHALADA,1-VITA-5,MARCA+ART,6,CHALADA,EDEL;PAO3;PAO4,ZAPATILLA,2025-02-17
CHALADA,1-VITAON-5,MARCA+ART,8,CHALADA,EDEL;PAO2;PAO3;PAO4,ZAPATILLA,2026-02-02
CHALADA,1-WEDGE-22,MARCA+ART,5,CHALADA,EDEL;PAO2;PAO3;PAO4,BOTA WEDGE-22,2018-08-22
CHALADA,1-WEDGE-40,SIN MATCH,0,,,,
CHALADA,1-WEDGE-41,MARCA+ART,2,CHALADA,EDEL;PAO2,BOTA WEDGE-22,2022-05-16
CHALADA,1-WEDGE-45,SIN MATCH,0,,,,
CHALADA,10-CAT-1,SIN MATCH,0,,,,
CHALADA,10-FERRI-2,SIN MATCH,0,,,,
CHALADA,10-OHANA-1,SIN MATCH,0,,,,
CHALADA,10-PINHEEL-2,SIN MATCH,0,,,,
CHALADA,10-YURA-1,SIN MATCH,0,,,,
CHALADA,11-CETRANO-1,SIN MATCH,0,,,,
CHALADA,11-CORSO-5,MARCA+ART,2,CHALADA,EDEL;PAO4,ZAPATO,2024-03-04
CHALADA,11-CORSO-9,SIN MATCH,0,,,,
CHALADA,11-SLAK-1,SIN MATCH,0,,,,
CHALADA,11-SLEEP-27,SIN MATCH,0,,,,
CHALADA,11-SLEEP-30,SIN MATCH,0,,,,
CHALADA,11-SLIK-2,MARCA+ART,3,CHALADA,EDEL;PAO3;PAO4,BOTIN,2025-03-25
CHALADA,12-CAROL-1,MARCA+ART,3,CHALADA,EDEL;PAO2;PAO4,BOTIN,2021-03-15
CHALADA,12-CAROL-5,MARCA+ART,3,CHALADA,EDEL;PAO3;PAO4,BOTIN,2025-02-17
CHALADA,12-COLES-1,MARCA+ART,7,CHALADA,EDEL;PAO1;PAO2;PAO3;PAO4,ZAPATO,2022-10-03
CHALADA,12-COLES-6,MARCA+ART,2,CHALADA,EDEL;PAO3,ZAPATO,2025-02-17
CHALADA,12-DANA-13,SIN MATCH,0,,,,
CHALADA,12-FLEXI-15,MARCA+ART,2,CHALADA,EDEL;PAO3,ZAPATO,2023-08-21
CHALADA,12-FLEXI-24,MARCA+ART,4,CHALADA,EDEL;PAO2;PAO3;PAO4,ZAPATO,2023-08-21
CHALADA,12-FLEXI-25,MARCA+ART,8,CHALADA,EDEL;PAO2;PAO3;PAO4,ZAPATO,2024-01-29
CHALADA,12-FLEXI-27,SIN MATCH,0,,,,
CHALADA,12-FLEXI-42,MARCA+ART,5,CHALADA,EDEL;PAO2;PAO3,ZAPATO,2026-02-23
CHALADA,12-FLEXI-43,MARCA+ART,4,CHALADA,EDEL;PAO2;PAO3;PAO4,ZAPATO,2025-02-17
CHALADA,12-FLEXI-48,SIN MATCH,0,,,,
CHALADA,12-FLEXI-51,MARCA+ART,6,CHALADA,EDEL;PAO3;PAO4,VESTIR,2025-02-17
CHALADA,12-FLEXI-54,SIN MATCH,0,,,,
CHALADA,12-FLEXI-58,SIN MATCH,0,,,,
CHALADA,12-FLEXIB-60,SIN MATCH,0,,,,
CHALADA,12-FLEXIB-61,SIN MATCH,0,,,,
CHALADA,12-HOT-70,MARCA+ART,6,CHALADA,EDEL;PAO3;PAO4,CHALA,2024-09-30
CHALADA,12-REBI-3,SIN MATCH,0,,,,
CHALADA,23-ANTULOW-2,SIN MATCH,0,,,,
CHALADA,23-BOLKI-2,SIN MATCH,0,,,,
CHALADA,23-JETTIX-2,MARCA+ART,6,CHALADA,EDEL;PAO2;PAO3;PAO4,ZAPATILLA,2025-01-27
CHALADA,23-JETTIX-3,MARCA+ART,6,CHALADA,EDEL;PAO2;PAO3;PAO4,ZAPATILLA,2025-08-25
CHALADA,23-JOGGO-7,MARCA+ART,6,CHALADA,EDEL;PAO2;PAO3;PAO4,ZAPATO,2024-02-19
CHALADA,23-JOGGO-8,MARCA+ART,3,CHALADA,EDEL;PAO2;PAO3,ZAPATO,2024-02-19
CHALADA,23-JOKER-1,SIN MATCH,0,,,,
CHALADA,23-JOKER-3,MARCA+ART,5,CHALADA,EDEL;PAO2;PAO3,ZAPATILLA,2025-03-17
CHALADA,23-JUVE-1,MARCA+ART,4,CHALADA,EDEL;PAO2,ZAPATILLA,2024-02-19
CHALADA,23-MATRIX-1,SIN MATCH,0,,,,
CHALADA,23-MEMPHI-1,SIN MATCH,0,,,,
CHALADA,23-MEMPHI-2,MARCA+ART,3,CHALADA,EDEL;PAO2;PAO3,ZAPATILLA,2025-01-27
CHALADA,23-METTA-15,MARCA+ART,4,CHALADA,EDEL;PAO2;PAO3;PAO4,ZAPATILLA,2024-02-19
CHALADA,23-METTA-2,MARCA+ART,2,CHALADA,EDEL;PAO2,ZAPATILLA,2025-02-03
CHALADA,23-MITSU-1,MARCA+ART,2,CHALADA,EDEL;PAO2,ZAPATILLA,2023-09-04
CHALADA,23-MITSU-2,MARCA+ART,8,CHALADA,EDEL;PAO2;PAO3;PAO4,ZAPATILLA,2025-03-17
CHALADA,23-MITSU-3,SIN MATCH,0,,,,
CHALADA,25-CAMP-15,MARCA+ART,12,CHALADA,EDEL;PAO1;PAO2;PAO3;PAO4,BOTIN CAMPERO,2018-09-12
CHALADA,25-CAMP-30,SIN MATCH,0,,,,
CHALADA,25-CAMP-31,MARCA+ART,5,CHALADA,EDEL;PAO2;PAO4,BOTIN CAMPERO,2019-04-03
CHALADA,25-CAMP-38,SIN MATCH,0,,,,
CHALADA,25-CAMP-50,SIN MATCH,0,,,,
CHALADA,25-CAMP-51,SIN MATCH,0,,,,
CHALADA,25-CAMP-52,SIN MATCH,0,,,,
CHALADA,25-CAMP-53,SIN MATCH,0,,,,
CHALADA,25-CORSO-1,SIN MATCH,0,,,,
CHALADA,25-MERATI-1,SIN MATCH,0,,,,
CHALADA,25-SINDY-1,SIN MATCH,0,,,,
CHALADA,25-SINDY-6,SIN MATCH,0,,,,
CHALADA,25-STAR-1,SIN MATCH,0,,,,
CHALADA,25-TADY-2,SIN MATCH,0,,,,
CHALADA,25-TADY-3,SIN MATCH,0,,,,
CHALADA,25-TORINO-1,SIN MATCH,0,,,,
CHALADA,25-TRINI-20,SIN MATCH,0,,,,
CHALADA,25-TROSI-1,SIN MATCH,0,,,,
CHALADA,25-TURIN-1,SIN MATCH,0,,,,
CHALADA,25-VARESE-1,SIN MATCH,0,,,,
CHALADA,25-VARESE-2,SIN MATCH,0,,,,
CHALADA,33-QUAL-1,SIN MATCH,0,,,,
CHALADA,36-BRIKE-1,SIN MATCH,0,,,,
CHALADA,36-BRIKE-2,SIN MATCH,0,,,,
CHALADA,36-CONFORT-4,SIN MATCH,0,,,,
CHALADA,36-CURVE-5,SIN MATCH,0,,,,
CHALADA,36-DANAY-1,MARCA+ART,4,CHALADA,EDEL;PAO2,ZAPATO,2026-02-09
CHALADA,36-DIVA-4,SIN MATCH,0,,,,
CHALADA,36-GRAKI-3,SIN MATCH,0,,,,
CHALADA,36-GRAMY-1,SIN MATCH,0,,,,
CHALADA,36-JOGGO-9,MARCA+ART,3,CHALADA,EDEL;PAO2;PAO3,ZAPATILLA,2025-01-27
CHALADA,36-LAICA-1,SIN MATCH,0,,,,
CHALADA,36-LELIA-1,SIN MATCH,0,,,,
CHALADA,36-LILI-1,SIN MATCH,0,,,,
CHALADA,36-MATTER-20,MARCA+ART,2,CHALADA,EDEL;PAO4,CALZADO,2025-03-03
CHALADA,36-MONZA-2,SIN MATCH,0,,,,
CHALADA,36-ONIX-1,SIN MATCH,0,,,,
CHALADA,36-PUBA-1,SIN MATCH,0,,,,
CHALADA,36-QUAL-10,SIN MATCH,0,,,,
CHALADA,36-QUAL-11,SIN MATCH,0,,,,
CHALADA,36-QUAL-7,SIN MATCH,0,,,,
CHALADA,36-QUAL-8,SIN MATCH,0,,,,
CHALADA,36-QUAL-9,SIN MATCH,0,,,,
CHALADA,36-RAYO-2,MARCA+ART,2,CHALADA,EDEL;PAO4,BOTIN,2025-02-24
CHALADA,36-RAYO-3,MARCA+ART,4,CHALADA,EDEL;PAO3;PAO4,BOTIN,2025-02-24
CHALADA,36-TORKE-3,SIN MATCH,0,,,,
CHALADA,36-TRAFFA-50,MARCA+ART,2,CHALADA,EDEL;PAO2,BOTA,2024-04-23
CHALADA,36-TRAFFAM-60,SIN MATCH,0,,,,
CHALADA,36-TRAFUN-1,SIN MATCH,0,,,,
CHALADA,36-WINTER-1,SIN MATCH,0,,,,
CHALADA,36-WINTER-7,MARCA+ART,2,CHALADA,EDEL;PAO2,BOTIN,2021-05-31
CHALADA,37-ANDY-11,SIN MATCH,0,,,,
CHALADA,37-ANDY-12,MARCA+ART,3,CHALADA,EDEL;PAO2,ZAPATILLAS,2026-02-16
CHALADA,37-ANDY-13,SIN MATCH,0,,,,
CHALADA,37-ANNIE-1,MARCA+ART,8,CHALADA,EDEL;PAO2;PAO3;PAO4,BOTINES,2025-02-03
CHALADA,37-ANTU-2,MARCA+ART,2,CHALADA,EDEL,ZAPATILLA,2025-02-03
CHALADA,37-CAJU-1,SIN MATCH,0,,,,
CHALADA,37-JETTIXLOW1,SIN MATCH,0,,,,
CHALADA,37-PINGUIH-1,MARCA+ART,8,CHALADA,EDEL;PAO2;PAO4,BOTIN,2025-02-03
CHALADA,37-PINGUIH-10,SIN MATCH,0,,,,
CHALADA,37-PINGUIH-11,SIN MATCH,0,,,,
CHALADA,37-PINGUIH-2,MARCA+ART,1,CHALADA,EDEL,BOTIN,2025-03-10
CHALADA,37-PINGUIH-3,MARCA+ART,2,CHALADA,EDEL;PAO4,ZAPATILLA,2025-02-17
CHALADA,37-PINGUIH-4,SIN MATCH,0,,,,
CHALADA,37-PINGUIH-5,SIN MATCH,0,,,,
CHALADA,37-PINGUIH-6,SIN MATCH,0,,,,
CHALADA,37-PINGUIH-7,SIN MATCH,0,,,,
CHALADA,37-PINGUIH-8,SIN MATCH,0,,,,
CHALADA,37-PINGUIH-9,SIN MATCH,0,,,,
CHALADA,37-PINHEEL-1,SIN MATCH,0,,,,
CHALADA,37-SPIN-1,SIN MATCH,0,,,,
CHALADA,38-AILEN-1,MARCA+ART,4,CHALADA,EDEL;PAO4,ZAPATILLAS,2026-02-16
CHALADA,38-ANDY-1,SIN MATCH,0,,,,
CHALADA,38-ANDY-2,SIN MATCH,0,,,,
CHALADA,38-ANDY-3,SIN MATCH,0,,,,
CHALADA,38-BARI-1,SIN MATCH,0,,,,
CHALADA,38-BIKA-1,SIN MATCH,0,,,,
CHALADA,38-BIKER-2,SIN MATCH,0,,,,
CHALADA,38-BIKER-5,MARCA+ART,2,CHALADA,EDEL;PAO4,BOTIN,2025-02-24
CHALADA,38-BIKER-6,SIN MATCH,0,,,,
CHALADA,38-BIKER-7,SIN MATCH,0,,,,
CHALADA,38-BRESH-1,SIN MATCH,0,,,,
CHALADA,38-CALM-1,SIN MATCH,0,,,,
CHALADA,38-FARA-1,SIN MATCH,0,,,,
CHALADA,38-FLEY-3,SIN MATCH,0,,,,
CHALADA,38-FLEY-4,SIN MATCH,0,,,,
CHALADA,38-FRISH-1,SIN MATCH,0,,,,
CHALADA,38-JOING-1,SIN MATCH,0,,,,
CHALADA,38-JOOP-1,MARCA+ART,2,CHALADA,EDEL;PAO4,ZAPATO,2024-01-29
CHALADA,38-JUPPI-1,SIN MATCH,0,,,,
CHALADA,38-LENIN-1,SIN MATCH,0,,,,
CHALADA,38-LENIN-2,MARCA+ART,2,CHALADA,EDEL;PAO2,ZAPATILLA,2024-02-19
CHALADA,38-LEWIS-1,MARCA+ART,5,CHALADA,EDEL;PAO2;PAO4,ZAPATO,2024-01-29
CHALADA,38-MICCA-1,SIN MATCH,0,,,,
CHALADA,38-MOCCA-1,SIN MATCH,0,,,,
CHALADA,38-MOCCA-2,MARCA+ART,2,CHALADA,EDEL;PAO4,ZAPATO,2025-03-10
CHALADA,38-NATIRUS-1,SIN MATCH,0,,,,
CHALADA,38-NATIRUS-2,SIN MATCH,0,,,,
CHALADA,38-NATIRUS-3,SIN MATCH,0,,,,
CHALADA,38-NEVADA-1,SIN MATCH,0,,,,
CHALADA,38-POOL-24,SIN MATCH,0,,,,
CHALADA,38-POOL-3,MARCA+ART,3,CHALADA,EDEL;PAO1;PAO2,BOTIN,2019-05-24
CHALADA,38-POOLH-11,SIN MATCH,0,,,,
CHALADA,38-POOLH-9,MARCA+ART,2,CHALADA,EDEL;PAO4,BOTA,2022-03-21
CHALADA,38-POOLL-10,MARCA+ART,4,CHALADA,EDEL;PAO1;PAO2;PAO4,BOTIN,2021-03-15
CHALADA,38-POOLL-21,SIN MATCH,0,,,,
CHALADA,38-POOLL-23,SIN MATCH,0,,,,
CHALADA,38-PRATA-1,SIN MATCH,0,,,,
CHALADA,38-PRATA-2,SIN MATCH,0,,,,
CHALADA,38-PRATA-3,MARCA+ART,2,CHALADA,EDEL;PAO3,ZAPATILLA,2024-02-19
CHALADA,38-PRATA-6,SIN MATCH,0,,,,
CHALADA,38-PRATA-7,SIN MATCH,0,,,,
CHALADA,38-RUST-10,SIN MATCH,0,,,,
CHALADA,38-RUST-2,MARCA+ART,2,CHALADA,EDEL;PAO4,BOTA,2022-03-21
CHALADA,38-RUST-21,SIN MATCH,0,,,,
CHALADA,38-TRENI-1,SIN MATCH,0,,,,
CHALADA,38-WEDING-1,SIN MATCH,0,,,,
CHALADA,38-WEST-20,SIN MATCH,0,,,,
CHALADA,38-WEST-22,SIN MATCH,0,,,,
CHALADA,38-WONDER-1,SIN MATCH,0,,,,
CHALADA,38-WONDER-4,SIN MATCH,0,,,,
CHALADA,39-FLUMI-10,SIN MATCH,0,,,,
CHALADA,39-JOKA-2,MARCA+ART,2,CHALADA,EDEL;PAO4,ZAPATILLA,2026-03-02
CHALADA,39-JOKA-3,MARCA+ART,2,CHALADA,EDEL;PAO3,ZAPATILLA,2026-03-02
CHALADA,39-NIVA-2,SIN MATCH,0,,,,
CHALADA,39-TIGER-1,SIN MATCH,0,,,,
CHALADA,39-TROYA-4,SIN MATCH,0,,,,
CHALADA,46-COSTA-1,MARCA+ART,3,CHALADA,EDEL;PAO3;PAO4,BOTIN,2025-02-17
CHALADA,46-COSTA-2,MARCA+ART,6,CHALADA,EDEL;PAO2;PAO3,BOTIN,2026-03-23
CHALADA,46-COSTA-3,SIN MATCH,0,,,,
CHALADA,46-DEILA-1,SIN MATCH,0,,,,
CHALADA,46-TRAFA-1,SIN MATCH,0,,,,
CHALADA,47-BRIKLIN-1,SIN MATCH,0,,,,
CHALADA,47-CONA-3,SIN MATCH,0,,,,
CHALADA,47-DEZA-5,SIN MATCH,0,,,,
CHALADA,47-MALU-4,SIN MATCH,0,,,,
CHALADA,47-PETRA-1,SIN MATCH,0,,,,
CHALADA,47-TORKE-1,SIN MATCH,0,,,,
CHALADA,47-TORKE-2,SIN MATCH,0,,,,
CHALADA,47-YORKI-1,SIN MATCH,0,,,,
CHALADA,5-CLORA-4,MARCA+ART,7,CHALADA,EDEL;PAO1;PAO2;PAO3;PAO4,VESTIR,2018-08-20
CHALADA,5-COBNA-2,MARCA+ART,16,CHALADA,EDEL;NICK3;PAO1;PAO2;PAO3;PAO4,VESTIR,2018-08-19
CHALADA,5-COBNA-6,MARCA+ART,6,CHALADA,EDEL;PAO2;PAO3;PAO4,VESTIR,2023-09-20
CHALADA,5-COSIMO-3,MARCA+ART,5,CHALADA,EDEL;PAO1;PAO2;PAO3;PAO4,VESTIR,2018-11-27
CHALADA,5-DILLY-10,MARCA+ART,2,CHALADA,EDEL;PAO3,ZAPATO,2026-07-14
CHALADA,5-DILLY-12,MARCA+ART,2,CHALADA,EDEL;PAO2,VESTIR,2023-03-14
CHALADA,5-FASHION-71,MARCA+ART,16,CHALADA,EDEL;PAO1;PAO2;PAO3;PAO4,VESTIR,2018-08-29
CHALADA,5-FASHION-81,MARCA+ART,12,CHALADA,EDEL;PAO1;PAO2;PAO3;PAO4,VESTIR,2018-08-29
CHALADA,5-MIU-3,MARCA+ART,6,CHALADA,EDEL;PAO2;PAO3;PAO4,VESTIR,2024-09-02
CHALADA,5-MIU-7,SIN MATCH,0,,,,
CHALADA,5-OSLO-96,SIN MATCH,0,,,,
CHALADA,5-PHANIE-14,MARCA+ART,2,CHALADA,EDEL;PAO4,BOTA,2025-03-10
CHALADA,5-PHANIE-15,SIN MATCH,0,,,,
CHALADA,5-PLOS-66,SIN MATCH,0,,,,
CHALADA,5-REGENT-2,MARCA+ART,6,CHALADA,EDEL;PAO1;PAO2;PAO3,VESTIR,2018-10-17
CHALADA,5-REGGIA-5,SIN MATCH,0,,,,
CHALADA,5-REGGIA-6,SIN MATCH,0,,,,
CHALADA,50-CALAFATE-1,SIN MATCH,0,,,,
CHALADA,50-MAQUI-1,SIN MATCH,0,,,,
CHALADA,50-MOSQUETA-1,SIN MATCH,0,,,,
CHALADA,50-PALENA-1,SIN MATCH,0,,,,
CHALADA,50-PUELO-3,SIN MATCH,0,,,,
CHALADA,50-ROCKY-1,SIN MATCH,0,,,,
CHALADA,51-BALDI-1,MARCA+ART,6,CHALADA,EDEL;PAO4,CHALADA,2024-03-11
CHALADA,51-BALDI-2,SIN MATCH,0,,,,
CHALADA,51-BALDI-3,SIN MATCH,0,,,,
CHALADA,51-BALDI-4,SIN MATCH,0,,,,
CHALADA,51-BALDI-5,SIN MATCH,0,,,,
CHALADA,51-BICCARI-1,SIN MATCH,0,,,,
CHALADA,51-BICCARI-2,SIN MATCH,0,,,,
CHALADA,51-BOLSE-1,SIN MATCH,0,,,,
CHALADA,51-BOLSE-52,SIN MATCH,0,,,,
CHALADA,51-BRUNA-1,MARCA+ART,2,CHALADA,EDEL;PAO2,V NEGRO,2024-03-11
CHALADA,51-BRUNA-3,MARCA+ART,3,CHALADA,EDEL;PAO3;PAO4,V NEGRO,2025-03-25
CHALADA,51-CAMILLE-1,SIN MATCH,0,,,,
CHALADA,51-GIANNI-1,SIN MATCH,0,,,,
CHALADA,51-NEVE-1,SIN MATCH,0,,,,
CHALADA,59-MAIPO-1,SIN MATCH,0,,,,
CHALADA,59-TORTEL-1,SIN MATCH,0,,,,
CHALADA,7-DANA-2,SIN MATCH,0,,,,
CHALADA,7-DECO-11,MARCA+ART,3,CHALADA,EDEL;PAO3;PAO4,CALZADO,2025-03-03
CHALADA,7-DEZA-3,SIN MATCH,0,,,,
CHALADA,7-OSCAR-1,SIN MATCH,0,,,,
CHALADA,7-ROLO-4,MARCA+ART,3,CHALADA,EDEL;PAO2,BOTIN,2019-05-02
CHALADA,7-TAP-25,MARCA+ART,9,CHALADA,EDEL;PAO1;PAO2;PAO3;PAO4,VESTIR,2019-03-13
CHALADA,7-WINDY-2,MARCA+ART,2,CHALADA,EDEL;PAO4,CALZADO,2025-03-03
CHALADA,8-TANDA-200,MARCA+ART,2,CHALADA,EDEL;PAO2,BOTA,2024-03-18
CHALADA,8-TANDA-4,MARCA+ART,2,CHALADA,EDEL,BOTIN,2018-10-16
CHALADA,8-TANDA-5,MARCA+ART,4,CHALADA,EDEL;PAO1;PAO3,BOTA,2018-09-28
CHALADA,9-BRICCA-1,SIN MATCH,0,,,,
CHALADA,9-BRICCA-2,SIN MATCH,0,,,,
CHALADA,9-CETA-17,SIN MATCH,0,,,,
CHALADA,9-CETA-20,SIN MATCH,0,,,,
CHALADA,9-CETA-25,SIN MATCH,0,,,,
CHALADA,9-CETA-4,MARCA+ART,4,CHALADA,EDEL;PAO1;PAO2,BOTIN,2018-08-20
CHALADA,9-QUAL-5,SIN MATCH,0,,,,
CHALADA,9-TRINI-2,SIN MATCH,0,,,,
ECCOFLEX,B68F11012,SIN MATCH,0,,,,
ECCOFLEX,FA4682,SIN MATCH,0,,,,
ECCOFLEX,FA5793-90,SIN MATCH,0,,,,
ECCOFLEX,FABI49,SIN MATCH,0,,,,
ECCOFLEX,FABI69,SIN MATCH,0,,,,
ECCOFLEX,FABI78,SIN MATCH,0,,,,
ECCOFLEX,FAMA04,SIN MATCH,0,,,,
ECCOFLEX,FAMA13,SIN MATCH,0,,,,
ECCOFLEX,FAMA93,SIN MATCH,0,,,,
ECCOFLEX,FAMAC6,SIN MATCH,0,,,,
ECCOFLEX,FAMAM7,SIN MATCH,0,,,,
ECCOFLEX,FAMAZ5,SIN MATCH,0,,,,
ECCOFLEX,FAUBO46,SIN MATCH,0,,,,
ECCOFLEX,FBA122,SIN MATCH,0,,,,
ECCOFLEX,FBA124,SIN MATCH,0,,,,
ECCOFLEX,FBC256-90,SIN MATCH,0,,,,
ECCOFLEX,FBC257,SIN MATCH,0,,,,
ECCOFLEX,FCH8951,SOLO ART,1,NEW WALK,EDEL,ZAPATO DAMA,2025-04-08
ECCOFLEX,FER37,SIN MATCH,0,,,,
ECCOFLEX,FER37-B,SIN MATCH,0,,,,
ECCOFLEX,FER38-A,SIN MATCH,0,,,,
ECCOFLEX,FHB477,SIN MATCH,0,,,,
ECCOFLEX,FHB582,SIN MATCH,0,,,,
ECCOFLEX,FHB588,SIN MATCH,0,,,,
ECCOFLEX,FHEN68,SIN MATCH,0,,,,
ECCOFLEX,FHEN90,SIN MATCH,0,,,,
ECCOFLEX,FHENA05,SIN MATCH,0,,,,
ECCOFLEX,FLIPON6,SIN MATCH,0,,,,
ECCOFLEX,FM5575A,SIN MATCH,0,,,,
ECCOFLEX,FM5575D,SIN MATCH,0,,,,
ECCOFLEX,FM5575NW,SIN MATCH,0,,,,
ECCOFLEX,FM5575PU,SIN MATCH,0,,,,
ECCOFLEX,FM5575PU-B,SIN MATCH,0,,,,
ECCOFLEX,FM55FLUF,SIN MATCH,0,,,,
ECCOFLEX,FM55SLIP,SIN MATCH,0,,,,
ECCOFLEX,FM55SLIP-B,SIN MATCH,0,,,,
ECCOFLEX,FPS626,SIN MATCH,0,,,,
ECCOFLEX,KWF2502,SIN MATCH,0,,,,
ECCOFLEX,KWF2503,SIN MATCH,0,,,,
ECCOFLEX,KWF250327,SIN MATCH,0,,,,
ECCOFLEX,KWF250327-4,SIN MATCH,0,,,,
ECCOFLEX,KWF2504,SIN MATCH,0,,,,
ECCOFLEX,KWF2505,SIN MATCH,0,,,,
ECCOFLEX,KWF2506,SIN MATCH,0,,,,
ECCOFLEX,KWF2507,SIN MATCH,0,,,,
ECCOFLEX,KWF2508,SIN MATCH,0,,,,
ECCOFLEX,KWF2509,SIN MATCH,0,,,,
ECCOFLEX,ZGM57,SIN MATCH,0,,,,
FUNWAY,20-NEVADO-2,SIN MATCH,0,,,,
FUNWAY,20-OVO-1,SIN MATCH,0,,,,
FUNWAY,20-OVO-2,SIN MATCH,0,,,,
FUNWAY,20-POLAR-1,SIN MATCH,0,,,,
FUNWAY,20-PUCLARO-1,SIN MATCH,0,,,,
LONDON ADIXT,9754,SOLO ART,6,22 HORAS;FERRACINI;TRO;UNISPORT,EDEL;PAO2,SALDO BOOPS,2026-04-06
NATGEO,140089,SIN MATCH,0,,,,
NATGEO,140945,SIN MATCH,0,,,,
NATGEO,140995,SIN MATCH,0,,,,
NATGEO,141006,SIN MATCH,0,,,,
NATGEO,AMP-LB304,SIN MATCH,0,,,,
NATGEO,AMP-LB305,SIN MATCH,0,,,,
NATGEO,HK522722-A0,SIN MATCH,0,,,,
NATGEO,HK52279-90,SIN MATCH,0,,,,
NATGEO,HK523330-90,SIN MATCH,0,,,,
NATGEO,HK523330-A0,SIN MATCH,0,,,,
NATGEO,K2303,SIN MATCH,0,,,,
NATGEO,K23901,SIN MATCH,0,,,,
NATGEO,N221121,SIN MATCH,0,,,,
NATGEO,N22881,SIN MATCH,0,,,,
NATGEO,N23993,SIN MATCH,0,,,,
NEW WALK,101701A01,SIN MATCH,0,,,,
NEW WALK,101701A02,SIN MATCH,0,,,,
NEW WALK,1216-973,SIN MATCH,0,,,,
NEW WALK,18320-5C,SIN MATCH,0,,,,
NEW WALK,2232-125A,SIN MATCH,0,,,,
NEW WALK,229108-6,SIN MATCH,0,,,,
NEW WALK,229628-19,SIN MATCH,0,,,,
NEW WALK,2317-13,SIN MATCH,0,,,,
NEW WALK,2332-136,SIN MATCH,0,,,,
NEW WALK,2332-151,SIN MATCH,0,,,,
NEW WALK,2332-165,SIN MATCH,0,,,,
NEW WALK,2333-27,SIN MATCH,0,,,,
NEW WALK,60126-29,SIN MATCH,0,,,,
NEW WALK,88011-187,SIN MATCH,0,,,,
NEW WALK,8806-62,SIN MATCH,0,,,,
NEW WALK,89132-12,SIN MATCH,0,,,,
NEW WALK,89132-8,SIN MATCH,0,,,,
NEW WALK,9159-13,SIN MATCH,0,,,,
NEW WALK,9257-7,SIN MATCH,0,,,,
NEW WALK,9286-21,SIN MATCH,0,,,,
NEW WALK,9291-12,SIN MATCH,0,,,,
NEW WALK,9628-51,SIN MATCH,0,,,,
NEW WALK,AAQ91109,SIN MATCH,0,,,,
NEW WALK,ADIT-C-001,SIN MATCH,0,,,,
NEW WALK,ADIT-C-002,SIN MATCH,0,,,,
NEW WALK,ADIT-C-003,SIN MATCH,0,,,,
NEW WALK,ADIT-C-005,SIN MATCH,0,,,,
NEW WALK,ADIT-C-006,SIN MATCH,0,,,,
NEW WALK,ADIT-C-009,SIN MATCH,0,,,,
NEW WALK,ADIT-C-012,SIN MATCH,0,,,,
NEW WALK,ADIT-C-014,SIN MATCH,0,,,,
NEW WALK,BSD91219,SIN MATCH,0,,,,
NEW WALK,BSDX1103,SIN MATCH,0,,,,
NEW WALK,BSDX1111A,SIN MATCH,0,,,,
NEW WALK,C25F21012,SIN MATCH,0,,,,
NEW WALK,CDJ91107,SIN MATCH,0,,,,
NEW WALK,D2552-15,SIN MATCH,0,,,,
NEW WALK,DCA91125,SIN MATCH,0,,,,
NEW WALK,DCA91129,SIN MATCH,0,,,,
NEW WALK,DESPACHO INMEDIATO,SIN MATCH,0,,,,
NEW WALK,DZA91103,SIN MATCH,0,,,,
NEW WALK,DZA91111,SIN MATCH,0,,,,
NEW WALK,DZA91113,SIN MATCH,0,,,,
NEW WALK,F3BR29,SIN MATCH,0,,,,
NEW WALK,F3BR31,SIN MATCH,0,,,,
NEW WALK,FA4682,SIN MATCH,0,,,,
NEW WALK,FA5793-90,SIN MATCH,0,,,,
NEW WALK,FB7075,SIN MATCH,0,,,,
NEW WALK,FBA123,SIN MATCH,0,,,,
NEW WALK,FBC256-90,SIN MATCH,0,,,,
NEW WALK,FBC257,SIN MATCH,0,,,,
NEW WALK,FBK789,SIN MATCH,0,,,,
NEW WALK,FE1153,SIN MATCH,0,,,,
NEW WALK,FHB477,SIN MATCH,0,,,,
NEW WALK,FHB582,SIN MATCH,0,,,,
NEW WALK,FHH009,SIN MATCH,0,,,,
NEW WALK,FHH018,SIN MATCH,0,,,,
NEW WALK,FHH063,SIN MATCH,0,,,,
NEW WALK,FHH072,SIN MATCH,0,,,,
NEW WALK,FHH081,SIN MATCH,0,,,,
NEW WALK,FHH090,SIN MATCH,0,,,,
NEW WALK,FHS041,SIN MATCH,0,,,,
NEW WALK,FHS050,SIN MATCH,0,,,,
NEW WALK,FLIN65,SIN MATCH,0,,,,
NEW WALK,FLIN76,SIN MATCH,0,,,,
NEW WALK,FLIN85,SIN MATCH,0,,,,
NEW WALK,FM1240,SIN MATCH,0,,,,
NEW WALK,FM5456,SIN MATCH,0,,,,
NEW WALK,FM5641P,SIN MATCH,0,,,,
NEW WALK,FMC678,SIN MATCH,0,,,,
NEW WALK,FRIC18,SIN MATCH,0,,,,
NEW WALK,FRIC27,SIN MATCH,0,,,,
NEW WALK,FRIC36,SIN MATCH,0,,,,
NEW WALK,KW5864,SIN MATCH,0,,,,
NEW WALK,KWF2503276,SIN MATCH,0,,,,
NEW WALK,KWF2503278,SIN MATCH,0,,,,
NEW WALK,KWLA11-2501,SIN MATCH,0,,,,
NEW WALK,KWLA61-2504,SIN MATCH,0,,,,
NEW WALK,KWLA612506,SIN MATCH,0,,,,
NEW WALK,KWLA762512,SIN MATCH,0,,,,
NEW WALK,KWLA882504,SIN MATCH,0,,,,
NEW WALK,LRM003,SIN MATCH,0,,,,
NEW WALK,LRM004,SIN MATCH,0,,,,
NEW WALK,LRM808,SIN MATCH,0,,,,
NEW WALK,LRW282,SIN MATCH,0,,,,
NEW WALK,LRWM-049,SIN MATCH,0,,,,
NEW WALK,PB0101,SIN MATCH,0,,,,
NEW WALK,RH1926-33,SIN MATCH,0,,,,
NEW WALK,TAD96001,SIN MATCH,0,,,,
NEW WALK,TAD96005,SIN MATCH,0,,,,
NEW WALK,XAL92324,SIN MATCH,0,,,,
NEW WALK,XCA91101,SIN MATCH,0,,,,
NEW WALK,XCA91102,SIN MATCH,0,,,,
NEW WALK,YJ24-367,SIN MATCH,0,,,,
NEW WALK,ZM21-1212,SIN MATCH,0,,,,
NEW WALK,ZM22-1552,SIN MATCH,0,,,,
NEW WALK,ZM22-2233-40,SIN MATCH,0,,,,
NEW WALK,ZM22-2233-90,SIN MATCH,0,,,,
NEW WALK,ZM22-B822-90,SIN MATCH,0,,,,
NEW WALK,ZM23-AF17-40,SIN MATCH,0,,,,
NEW WALK,ZM23-Z10175,SIN MATCH,0,,,,
NEW WALK,ZM24-10123,SIN MATCH,0,,,,
NEW WALK,ZM24-11180,SIN MATCH,0,,,,
NEW WALK,ZM24-22610-90,SIN MATCH,0,,,,
NEW WALK,ZM24-22610-91,MARCA+ART,5,NEW WALK,EDEL;PAO1;PAO2;PAO3;PAO4,ZAPATO ADULTO,2025-08-11
NEW WALK,ZM24-M200,SIN MATCH,0,,,,
NEW WALK,ZM24-M26321,SIN MATCH,0,,,,
NEW WALK,ZM24-Z2510,SIN MATCH,0,,,,
PASSER,003,MARCA+ART,5,PASSER,EDEL;PAO1;PAO2,MOCASIN,2025-10-13
PASSER,032,MARCA+ART,4,PASSER,EDEL;PAO2;PAO3;PAO4,PUNTILLA,2024-08-12
PASSER,5142,SIN MATCH,0,,,,
PASSER,605,MARCA+ART,15,PASSER,EDEL;PAO1;PAO2;PAO3;PAO4,DESCANSO,2018-08-21
PASSER,629,MARCA+ART,15,PASSER,EDEL;EDEL FALLADOS;PAO1;PAO2;PAO3;PAO4,DESCANSO,2018-09-06
PASSER,648,MARCA+ART,14,PASSER,EDEL;PAO1;PAO2;PAO3;PAO4,BOTIN,2019-04-16
PASSER,658,MARCA+ART,17,PASSER,EDEL;PAO1;PAO2;PAO3;PAO4,DESCANSO,2020-01-02
PASSER,667,MARCA+ART,4,PASSER,EDEL;PAO2;PAO3;PAO4,DESCANSO,2024-03-25
PASSER,677,MARCA+ART,18,PASSER,EDEL;PAO1;PAO2;PAO3;PAO4,BOTIN,2019-04-16
PASSER,694,SIN MATCH,0,,,,
PASSER,717,MARCA+ART,16,PASSER,EDEL;PAO1;PAO2;PAO3;PAO4,DESCANSO,2018-08-23
PASSER,737,MARCA+ART,5,PASSER,EDEL;PAO1;PAO2;PAO3;PAO4,BOTIN,2020-03-09
PASSER,751,SOLO ART,2,ANDRA ROSSETI;RIPHOLIA,EDEL,BOTA,2026-04-15
PASSER,752,SOLO ART,2,RIPHOLIA;SPARTA,EDEL,SHORT,2026-04-15
PASSER,762,SIN MATCH,0,,,,
PASSER,775,MARCA+ART,7,PASSER,EDEL;PAO1;PAO2;PAO3;PAO4,DESCANSO,2024-03-25
PASSER,780,SOLO ART,2,DRIBLING;FOUR,EDEL,BALON FUTBOL #1,2026-04-15
PASSER,786,SIN MATCH,0,,,,
PASSER,816,MARCA+ART,4,PASSER,EDEL;PAO2;PAO3;PAO4,SANDALIA,2025-11-03
PASSER,820,SOLO ART,1,PAMMY,EDEL,DESCANSO,2026-04-15
PASSER,824,SOLO ART,4,BROOKS;CAMPING;VERONICA,EDEL,CHAQUETA CHILE T/6-T16,2026-04-15
PASSER,826,SIN MATCH,0,,,,
PASSER,834,SOLO ART,1,AZALEIA,EDEL,BOTA ZURICH,2026-04-15
PASSER,843,SIN MATCH,0,,,,
PASSER FOR MEN,921,MARCA+ART,15,PASSER,EDEL;PAO1;PAO2;PAO3;PAO4,DESCANSO,2018-10-17
PASSER FOR MEN,923,SOLO ART,1,ANDRA ROSSETI,EDEL,BOTIN,2026-04-15
PASSER FOR MEN,926,SIN MATCH,0,,,,
PASSER FOR MEN,931,SIN MATCH,0,,,,
UNISPORT,9028,MARCA+ART,15,UNISPORT,EDEL;PAO1;PAO2;PAO3;PAO4,ZAPATO,2024-09-16
UNISPORT,9872,SIN MATCH,0,,,,
UNISPORT,9876,MARCA+ART,10,UNISPORT,EDEL;NICK2;PAO1;PAO2;PAO3,BABY,2022-09-12
UNISPORT,9882,SIN MATCH,0,,,,
UNS,2936,SIN MATCH,0,,,,
UNS,2937,SIN MATCH,0,,,,
UNS,5878,SIN MATCH,0,,,,
UNS,9010,SOLO ART,5,ADIDAS;BUBBLE GUMMERS;FERRACINI;LA GEAR,EDEL,STOP&DISH,2026-04-15
UNS,9013,SOLO ART,4,FERRACINI,EDEL,BOTIN,2026-04-15
UNS,9751,SOLO ART,2,FERRACINI;VIA UNO,EDEL,ZAPATILLA,2026-04-15
UNS,9868,SIN MATCH,0,,,,
UNS,9884,SOLO ART,1,NIKE,EDEL,NIKE ROUBAIX,2026-04-15
UNS,9888,SOLO ART,6,UNISPORT,EDEL;PAO2;PAO3,ZAPATILLA URBANA,2026-04-06
UNS,9890,SIN MATCH,0,,,,
UNS,9892,SIN MATCH,0,,,,
UNS,9896,SOLO ART,1,TOPPER,EDEL,NEO VELCRO,2026-04-15
UNS,9911,SIN MATCH,0,,,,
UNS,9919,SIN MATCH,0,,,,
VERAZZI,2606-1,SIN MATCH,0,,,,
VERAZZI,2606-5,SIN MATCH,0,,,,
VERAZZI,2607-1,SIN MATCH,0,,,,
VERAZZI,2607-2,SIN MATCH,0,,,,
VERAZZI,2607-3,SIN MATCH,0,,,,
VERAZZI,HL25101,SIN MATCH,0,,,,
VERAZZI,K201218,SIN MATCH,0,,,,
VERAZZI,K22831,SIN MATCH,0,,,,
VERAZZI,K231238,SIN MATCH,0,,,,
VERAZZI,K23855,SIN MATCH,0,,,,
VERAZZI,SR24008,SIN MATCH,0,,,,
VERAZZI,SR24012,SIN MATCH,0,,,,
VERAZZI,SR25701,SIN MATCH,0,,,,
