dte_id,folio,tipo,sucursal_id,fecha_emision,old_neto,old_con_iva,old_unidades,new_neto,new_con_iva,new_unidades,unidades_tocadas,fuente,cross_check,ncs_vinculadas,deficit,nota_unidades
832608,351552,BOLETA ELECTRONICA,5,2026-02-04,0,0,0,14277,16990,1,1,SUM_MONTO_ITEM,PAGOS,2186696,16990,derivado de monto_item/precio (stock+NC daba 0)
837407,411041,BOLETA ELECTRONICA,2,2026-02-27,0,0,0,16798,19990,1,1,SUM_MONTO_ITEM,PAGOS,2186016,19990,derivado de monto_item/precio (stock+NC daba 0)
897703,373711,BOLETA ELECTRONICA,3,2026-03-26,690.00,821.00,1,31664,37680,2,1,SUM_MONTO_ITEM,PAGOS,2187701,36859,derivado de monto_item/precio (stock+NC daba 1)
900401,373813,BOLETA ELECTRONICA,3,2026-03-31,0,0,0,54613,64990,1,1,SUM_MONTO_ITEM,PAGOS,2186523,64990,derivado de monto_item/precio (stock+NC daba 0)
900971,369610,BOLETA ELECTRONICA,4,2026-04-04,0,0,0,25202,29990,1,1,SUM_MONTO_ITEM,PAGOS,2186650,29990,derivado de monto_item/precio (stock+NC daba 0)
1165764,6420,FACTURA ELECTRONICA,7,2026-04-09,0,0,0,134832,160450,5,1,SUM_MONTO_ITEM,PAGOS,2186018,160450,derivado de monto_item/precio (stock+NC daba 0)
1167059,374173,BOLETA ELECTRONICA,3,2026-04-11,0,0,0,33605,39990,1,1,SUM_MONTO_ITEM,PAGOS,2186273,39990,derivado de monto_item/precio (stock+NC daba 0)
1167158,281907,BOLETA ELECTRONICA,7,2026-04-13,0,0,0,33605,39990,1,1,SUM_MONTO_ITEM,PAGOS,2186734,39990,derivado de monto_item/precio (stock+NC daba 0)
2178251,369830,BOLETA ELECTRONICA,4,2026-04-17,0,0,0,25202,29990,1,1,SUM_MONTO_ITEM,PAGOS+TICKET,2186671,29990,derivado de monto_item/precio (stock+NC daba 0)
2178254,369831,BOLETA ELECTRONICA,4,2026-04-17,0,0,0,25202,29990,1,1,SUM_MONTO_ITEM,PAGOS+TICKET,2186666,29990,derivado de monto_item/precio (stock+NC daba 0)
2178334,256642,BOLETA ELECTRONICA,6,2026-04-18,0,0,0,37807,44990,0,0,SUM_MONTO_ITEM,"PAGOS (ticket difiere $+5,000)",2186712,44990,no reconstruible (sin derivación por precio y stock+NC<=0)
2178959,282337,BOLETA ELECTRONICA,7,2026-04-22,990.00,1178.00,1,105866,125980,2,1,SUM_MONTO_ITEM,PAGOS+TICKET,2186723,124802,derivado de monto_item/precio (stock+NC daba 1)
2179142,353728,BOLETA ELECTRONICA,5,2026-04-23,0,0,0,25202,29990,1,1,SUM_MONTO_ITEM,PAGOS+TICKET,2186694,29990,derivado de monto_item/precio (stock+NC daba 0)
2179307,369945,BOLETA ELECTRONICA,4,2026-04-24,0,0,0,47050,55990,1,1,SUM_MONTO_ITEM,PAGOS+TICKET,2186658,55990,derivado de monto_item/precio (stock+NC daba 0)
2179380,374482,BOLETA ELECTRONICA,3,2026-04-24,0,0,0,29395,34980,2,1,SUM_MONTO_ITEM,PAGOS+TICKET,2186526,34980,derivado de monto_item/precio (stock+NC daba 0)
2179674,282496,BOLETA ELECTRONICA,7,2026-04-25,17980.00,21396.00,2,28538,33960,4,1,SUM_MONTO_ITEM,PAGOS+TICKET,2186743,12564,derivado de monto_item/precio (stock+NC daba 2)
2180084,411645,BOLETA ELECTRONICA,2,2026-04-27,0,0,0,25202,29990,1,1,SUM_MONTO_ITEM,PAGOS+TICKET,2186515,29990,derivado de monto_item/precio (stock+NC daba 0)
2180089,374553,BOLETA ELECTRONICA,3,2026-04-27,0,0,0,33605,39990,1,1,SUM_MONTO_ITEM,PAGOS+TICKET,2186524,39990,derivado de monto_item/precio (stock+NC daba 0)
2180099,369999,BOLETA ELECTRONICA,4,2026-04-27,0,0,0,30244,35990,1,1,SUM_MONTO_ITEM,PAGOS+TICKET,2186657,35990,derivado de monto_item/precio (stock+NC daba 0)
2180120,282576,BOLETA ELECTRONICA,7,2026-04-27,0,0,0,19319,22990,1,1,SUM_MONTO_ITEM,PAGOS+TICKET,2186744,22990,derivado de monto_item/precio (stock+NC daba 0)
2180250,256806,BOLETA ELECTRONICA,6,2026-04-28,0,0,0,52924,62980,1,1,SUM_MONTO_ITEM,PAGOS+TICKET,2186711,62980,derivado de monto_item/precio (stock+NC daba 0)
2180252,256808,BOLETA ELECTRONICA,6,2026-04-28,0,0,0,31084,36990,1,1,SUM_MONTO_ITEM,PAGOS+TICKET,2186707,36990,derivado de monto_item/precio (stock+NC daba 0)
2180397,256828,BOLETA ELECTRONICA,6,2026-04-29,0,0,0,58815,69990,1,1,SUM_MONTO_ITEM,PAGOS+TICKET,2186706,69990,derivado de monto_item/precio (stock+NC daba 0)
2180477,450045,BOLETA ELECTRONICA,4,2026-04-29,0,0,0,31924,37990,1,1,SUM_MONTO_ITEM,PAGOS+TICKET,2186649,37990,derivado de monto_item/precio (stock+NC daba 0)
2180856,374660,BOLETA ELECTRONICA,3,2026-05-02,0,0,0,33605,39990,1,1,SUM_MONTO_ITEM,PAGOS+TICKET,2186516,39990,derivado de monto_item/precio (stock+NC daba 0)
2180880,256901,BOLETA ELECTRONICA,6,2026-05-02,0,0,0,67218,79990,1,1,SUM_MONTO_ITEM,PAGOS+TICKET,2186719,79990,derivado de monto_item/precio (stock+NC daba 0)
2181206,353943,BOLETA ELECTRONICA,5,2026-05-04,0,0,0,52092,61990,1,1,SUM_MONTO_ITEM,PAGOS+TICKET,2186698,61990,derivado de monto_item/precio (stock+NC daba 0)
2181210,353946,BOLETA ELECTRONICA,5,2026-05-04,0,0,0,71687,85308,2,1,SUM_MONTO_ITEM,PAGOS+TICKET,2186691,85308,derivado de monto_item/precio (stock+NC daba 0)
2181297,282903,BOLETA ELECTRONICA,7,2026-05-04,0,0,0,32756,38980,2,1,SUM_MONTO_ITEM,PAGOS+TICKET,2188843,38980,derivado de monto_item/precio (stock+NC daba 0)
2181500,256976,BOLETA ELECTRONICA,6,2026-05-06,0,0,0,47050,55990,1,1,SUM_MONTO_ITEM,PAGOS+TICKET,2186715,55990,derivado de monto_item/precio (stock+NC daba 0)
2181501,256977,BOLETA ELECTRONICA,6,2026-05-06,0,0,0,61336,72990,1,1,SUM_MONTO_ITEM,PAGOS+TICKET,2186718,72990,derivado de monto_item/precio (stock+NC daba 0)
2181503,256979,BOLETA ELECTRONICA,6,2026-05-06,0,0,0,67218,79990,1,1,SUM_MONTO_ITEM,PAGOS+TICKET,2186717,79990,derivado de monto_item/precio (stock+NC daba 0)
2181549,282989,BOLETA ELECTRONICA,7,2026-05-06,0,0,0,112588,133980,2,1,SUM_MONTO_ITEM,PAGOS+TICKET,2186732,133980,derivado de monto_item/precio (stock+NC daba 0)
2181673,256998,BOLETA ELECTRONICA,6,2026-05-07,0,0,0,67202,79970,2,1,SUM_MONTO_ITEM,PAGOS+TICKET,2188830,79970,derivado de monto_item/precio (stock+NC daba 0)
2181677,354015,BOLETA ELECTRONICA,5,2026-05-07,0,0,0,21840,25990,1,1,SUM_MONTO_ITEM,PAGOS+TICKET,2188860,25990,derivado de monto_item/precio (stock+NC daba 0)
2181729,283023,BOLETA ELECTRONICA,7,2026-05-07,0,0,0,47891,56990,1,1,SUM_MONTO_ITEM,PAGOS+TICKET,2186738,56990,derivado de monto_item/precio (stock+NC daba 0)
2181864,257025,BOLETA ELECTRONICA,6,2026-05-08,0,0,0,61336,72990,1,1,SUM_MONTO_ITEM,PAGOS+TICKET,2186709,72990,derivado de monto_item/precio (stock+NC daba 0)
2181865,257026,BOLETA ELECTRONICA,6,2026-05-08,0,0,0,47050,55990,1,1,SUM_MONTO_ITEM,PAGOS+TICKET,2186710,55990,derivado de monto_item/precio (stock+NC daba 0)
2182113,374861,BOLETA ELECTRONICA,3,2026-05-09,0,0,0,23521,27990,1,1,SUM_MONTO_ITEM,PAGOS+TICKET,2186522,27990,derivado de monto_item/precio (stock+NC daba 0)
2182114,374862,BOLETA ELECTRONICA,3,2026-05-09,0,0,0,19311,22980,2,1,SUM_MONTO_ITEM,PAGOS+TICKET,2186532,22980,derivado de monto_item/precio (stock+NC daba 0)
2182125,354102,BOLETA ELECTRONICA,5,2026-05-09,0,0,0,36126,42990,1,1,SUM_MONTO_ITEM,PAGOS+TICKET,2188857,42990,derivado de monto_item/precio (stock+NC daba 0)
2182580,283228,BOLETA ELECTRONICA,7,2026-05-11,0,0,0,71412,84980,2,1,SUM_MONTO_ITEM,PAGOS+TICKET,2186733,84980,derivado de monto_item/precio (stock+NC daba 0)
2182588,450354,BOLETA ELECTRONICA,4,2026-05-11,0,0,0,16798,19990,1,1,SUM_MONTO_ITEM,PAGOS+TICKET,2186663,19990,derivado de monto_item/precio (stock+NC daba 0)
2182889,257174,BOLETA ELECTRONICA,6,2026-05-13,0,0,0,41168,48990,1,1,SUM_MONTO_ITEM,PAGOS+TICKET,2191315,48990,derivado de monto_item/precio (stock+NC daba 0)
2182896,354236,BOLETA ELECTRONICA,5,2026-05-13,0,0,0,44529,52990,1,1,SUM_MONTO_ITEM,PAGOS+TICKET,2186692,52990,derivado de monto_item/precio (stock+NC daba 0)
2182943,283299,BOLETA ELECTRONICA,7,2026-05-13,0,0,0,63605,75690,2,1,SUM_MONTO_ITEM,PAGOS+TICKET,2186735,75690,derivado de monto_item/precio (stock+NC daba 0)
2183057,354256,BOLETA ELECTRONICA,5,2026-05-14,0,0,0,16798,19990,1,1,SUM_MONTO_ITEM,PAGOS+TICKET,2188861,19990,derivado de monto_item/precio (stock+NC daba 0)
2183064,283325,BOLETA ELECTRONICA,7,2026-05-14,0,0,0,40319,47980,2,1,SUM_MONTO_ITEM,PAGOS+TICKET,2186737,47980,derivado de monto_item/precio (stock+NC daba 0)
2183068,283328,BOLETA ELECTRONICA,7,2026-05-14,0,0,0,19319,22990,1,1,SUM_MONTO_ITEM,PAGOS+TICKET,2186736,22990,derivado de monto_item/precio (stock+NC daba 0)
2183230,450437,BOLETA ELECTRONICA,4,2026-05-15,0,0,0,47891,56990,1,1,SUM_MONTO_ITEM,PAGOS+TICKET,2186660,56990,derivado de monto_item/precio (stock+NC daba 0)
2183462,283428,BOLETA ELECTRONICA,7,2026-05-16,0,0,0,61336,72990,1,1,SUM_MONTO_ITEM,PAGOS+TICKET,2186730,72990,derivado de monto_item/precio (stock+NC daba 0)
2183463,283429,BOLETA ELECTRONICA,7,2026-05-16,0,0,0,54605,64980,2,1,SUM_MONTO_ITEM,PAGOS+TICKET,2188841,64980,derivado de monto_item/precio (stock+NC daba 0)
2183504,6457,FACTURA ELECTRONICA,7,2026-05-16,0,0,0,430252,512000,2,1,SUM_MONTO_ITEM,PAGOS+TICKET,2185483,512000,derivado de monto_item/precio (stock+NC daba 0)
2183740,283524,BOLETA ELECTRONICA,7,2026-05-18,0,0,0,33605,39990,1,1,SUM_MONTO_ITEM,PAGOS+TICKET,2188852,39990,derivado de monto_item/precio (stock+NC daba 0)
2183743,450522,BOLETA ELECTRONICA,4,2026-05-18,0,0,0,33605,39990,1,1,SUM_MONTO_ITEM,PAGOS+TICKET,2191323,39990,derivado de monto_item/precio (stock+NC daba 0)
2183745,411902,BOLETA ELECTRONICA,2,2026-05-18,0,0,0,21840,25990,1,1,SUM_MONTO_ITEM,PAGOS+TICKET,2188881,25990,derivado de monto_item/precio (stock+NC daba 0)
2183785,257270,BOLETA ELECTRONICA,6,2026-05-18,0,0,0,47891,56990,1,1,SUM_MONTO_ITEM,PAGOS+TICKET,2186708,56990,derivado de monto_item/precio (stock+NC daba 0)
2183899,354383,BOLETA ELECTRONICA,5,2026-05-19,0,0,0,39487,46990,1,1,SUM_MONTO_ITEM,PAGOS+TICKET,2188859,46990,derivado de monto_item/precio (stock+NC daba 0)
2183950,450553,BOLETA ELECTRONICA,4,2026-05-19,0,0,0,32765,38990,0,0,SUM_MONTO_ITEM,PAGOS+TICKET,2188863,38990,no reconstruible (sin derivación por precio y stock+NC<=0)
2183951,450554,BOLETA ELECTRONICA,4,2026-05-19,0,0,0,30244,35990,1,1,SUM_MONTO_ITEM,PAGOS+TICKET,2186510,35990,derivado de monto_item/precio (stock+NC daba 0)
2184006,375164,BOLETA ELECTRONICA,3,2026-05-19,0,0,0,29403,34990,1,1,SUM_MONTO_ITEM,PAGOS+TICKET,2186275,34990,derivado de monto_item/precio (stock+NC daba 0)
2184734,257369,BOLETA ELECTRONICA,6,2026-05-25,0,0,0,56294,66990,1,1,SUM_MONTO_ITEM,PAGOS+TICKET,2188824,66990,derivado de monto_item/precio (stock+NC daba 0)
2184735,257370,BOLETA ELECTRONICA,6,2026-05-25,0,0,0,73933,87980,2,1,SUM_MONTO_ITEM,PAGOS+TICKET,2188835,87980,derivado de monto_item/precio (stock+NC daba 0)
2184766,450659,BOLETA ELECTRONICA,4,2026-05-25,0,0,0,54613,64990,1,1,SUM_MONTO_ITEM,PAGOS+TICKET,2188868,64990,derivado de monto_item/precio (stock+NC daba 0)
2184768,450660,BOLETA ELECTRONICA,4,2026-05-25,0,0,0,25202,29990,1,1,SUM_MONTO_ITEM,PAGOS+TICKET,2188867,29990,derivado de monto_item/precio (stock+NC daba 0)
2184782,375275,BOLETA ELECTRONICA,3,2026-05-25,0,0,0,25202,29990,1,1,SUM_MONTO_ITEM,PAGOS+TICKET,2188873,29990,derivado de monto_item/precio (stock+NC daba 0)
2184824,411983,BOLETA ELECTRONICA,2,2026-05-25,0,0,0,16798,19990,1,1,SUM_MONTO_ITEM,PAGOS+TICKET,2188882,19990,derivado de monto_item/precio (stock+NC daba 0)
2185046,283879,BOLETA ELECTRONICA,7,2026-05-27,0,0,0,26882,31990,0,0,SUM_MONTO_ITEM,PAGOS+TICKET,2188847,31990,no reconstruible (sin derivación por precio y stock+NC<=0)
2185096,257407,BOLETA ELECTRONICA,6,2026-05-27,0,0,0,60496,71990,1,1,SUM_MONTO_ITEM,PAGOS+TICKET,2188827,71990,derivado de monto_item/precio (stock+NC daba 0)
2185867,257507,BOLETA ELECTRONICA,6,2026-06-01,0,0,0,56294,66990,1,1,SUM_MONTO_ITEM,PAGOS+TICKET,2188833,66990,derivado de monto_item/precio (stock+NC daba 0)
2185880,354704,BOLETA ELECTRONICA,5,2026-06-01,0,0,0,16798,19990,0,0,SUM_MONTO_ITEM,PAGOS+TICKET,2188862,19990,no reconstruible (sin derivación por precio y stock+NC<=0)
2185886,284119,BOLETA ELECTRONICA,7,2026-06-01,0,0,0,44109,52490,0,0,SUM_MONTO_ITEM,PAGOS+TICKET,2191305,52490,no reconstruible (sin derivación por precio y stock+NC<=0)
2185889,284122,BOLETA ELECTRONICA,7,2026-06-01,0,0,0,82336,97980,0,0,SUM_MONTO_ITEM,PAGOS+TICKET,2188838,97980,no reconstruible (sin derivación por precio y stock+NC<=0)
2185894,284127,BOLETA ELECTRONICA,7,2026-06-01,0,0,0,136958,162980,0,0,SUM_MONTO_ITEM,PAGOS+TICKET,2192318,162980,no reconstruible (sin derivación por precio y stock+NC<=0)
2185900,284132,BOLETA ELECTRONICA,7,2026-06-01,0,0,0,9227,10980,0,0,SUM_MONTO_ITEM,PAGOS+TICKET,2188842,10980,no reconstruible (sin derivación por precio y stock+NC<=0)
2185909,450817,BOLETA ELECTRONICA,4,2026-06-01,0,0,0,46210,54990,0,0,SUM_MONTO_ITEM,PAGOS+TICKET,2191328,54990,no reconstruible (sin derivación por precio y stock+NC<=0)
2185910,450818,BOLETA ELECTRONICA,4,2026-06-01,0,0,0,16798,19990,1,1,SUM_MONTO_ITEM,PAGOS+TICKET,2188866,19990,derivado de monto_item/precio (stock+NC daba 0)
2185915,375464,BOLETA ELECTRONICA,3,2026-06-01,0,0,0,36966,43990,0,0,SUM_MONTO_ITEM,PAGOS+TICKET,2188874,43990,no reconstruible (sin derivación por precio y stock+NC<=0)
2185930,257517,BOLETA ELECTRONICA,6,2026-06-01,0,0,0,64689,76980,0,0,SUM_MONTO_ITEM,PAGOS+TICKET,2188829,76980,no reconstruible (sin derivación por precio y stock+NC<=0)
2185933,284140,BOLETA ELECTRONICA,7,2026-06-01,0,0,0,71420,84990,1,1,SUM_MONTO_ITEM,PAGOS+TICKET,2188850,84990,derivado de monto_item/precio (stock+NC daba 0)
2185935,284142,BOLETA ELECTRONICA,7,2026-06-01,0,0,0,35277,41980,2,1,SUM_MONTO_ITEM,PAGOS+TICKET,2191286,41980,derivado de monto_item/precio (stock+NC daba 0)
2185938,284144,BOLETA ELECTRONICA,7,2026-06-01,0,0,0,77294,91980,2,1,SUM_MONTO_ITEM,PAGOS+TICKET,2191300,91980,derivado de monto_item/precio (stock+NC daba 0)
2185943,284148,BOLETA ELECTRONICA,7,2026-06-01,0,0,0,67218,79990,1,1,SUM_MONTO_ITEM,PAGOS+TICKET,2188848,79990,derivado de monto_item/precio (stock+NC daba 0)
2186058,257540,BOLETA ELECTRONICA,6,2026-06-02,0,0,0,63849,75980,2,1,SUM_MONTO_ITEM,PAGOS+TICKET,2188825,75980,derivado de monto_item/precio (stock+NC daba 0)
2186062,284177,BOLETA ELECTRONICA,7,2026-06-02,0,0,0,19319,22990,0,0,SUM_MONTO_ITEM,PAGOS+TICKET,2188851,22990,no reconstruible (sin derivación por precio y stock+NC<=0)
2186070,354722,BOLETA ELECTRONICA,5,2026-06-02,0,0,0,63017,74990,0,0,SUM_MONTO_ITEM,PAGOS+TICKET,2188919,74990,no reconstruible (sin derivación por precio y stock+NC<=0)
2186074,354724,BOLETA ELECTRONICA,5,2026-06-02,0,0,0,54613,64990,0,0,SUM_MONTO_ITEM,PAGOS+TICKET,2191338,64990,no reconstruible (sin derivación por precio y stock+NC<=0)
2186097,354734,BOLETA ELECTRONICA,5,2026-06-02,0,0,0,15118,17990,0,0,SUM_MONTO_ITEM,PAGOS+TICKET,2188854,17990,no reconstruible (sin derivación por precio y stock+NC<=0)
2186100,284194,BOLETA ELECTRONICA,7,2026-06-02,0,0,0,19303,22970,0,0,SUM_MONTO_ITEM,PAGOS+TICKET,2188846,22970,no reconstruible (sin derivación por precio y stock+NC<=0)
2186143,284208,BOLETA ELECTRONICA,7,2026-06-02,0,0,0,832,990,1,1,SUM_MONTO_ITEM,PAGOS+TICKET,2186207,990,derivado de monto_item/precio (stock+NC daba 0)
2186150,284210,BOLETA ELECTRONICA,7,2026-06-02,0,0,0,832,990,1,1,SUM_MONTO_ITEM,PAGOS+TICKET,2186206,990,derivado de monto_item/precio (stock+NC daba 0)
2186157,450845,BOLETA ELECTRONICA,4,2026-06-02,54990.00,65438.00,1,84017,99980,1,1,SUM_MONTO_ITEM,PAGOS+TICKET,2191326,34542,"desde stock+NC, sin validación por precio"
2186159,450847,BOLETA ELECTRONICA,4,2026-06-02,0,0,0,63017,74990,0,0,SUM_MONTO_ITEM,PAGOS+TICKET,2188865,74990,no reconstruible (sin derivación por precio y stock+NC<=0)
2186200,284219,BOLETA ELECTRONICA,7,2026-06-02,0,0,0,42008,49990,1,1,SUM_MONTO_ITEM,PAGOS+TICKET,2186204,49990,derivado de monto_item/precio (stock+NC daba 0)
2186218,354755,BOLETA ELECTRONICA,5,2026-06-02,0,0,0,18479,21990,1,1,SUM_MONTO_ITEM,PAGOS+TICKET,2186690,21990,derivado de monto_item/precio (stock+NC daba 0)
2186234,257556,BOLETA ELECTRONICA,6,2026-06-02,0,0,0,58815,69990,0,0,SUM_MONTO_ITEM,PAGOS+TICKET,2191306,69990,no reconstruible (sin derivación por precio y stock+NC<=0)
2186239,450867,BOLETA ELECTRONICA,4,2026-06-02,0,0,0,36126,42990,0,0,SUM_MONTO_ITEM,PAGOS+TICKET,2191327,42990,no reconstruible (sin derivación por precio y stock+NC<=0)
2186253,412075,BOLETA ELECTRONICA,2,2026-06-02,0,0,0,20160,23990,0,0,SUM_MONTO_ITEM,PAGOS+TICKET,2188878,23990,no reconstruible (sin derivación por precio y stock+NC<=0)
2186269,375518,BOLETA ELECTRONICA,3,2026-06-02,0,0,0,27723,32990,0,0,SUM_MONTO_ITEM,PAGOS+TICKET,2188875,32990,no reconstruible (sin derivación por precio y stock+NC<=0)
2186317,284259,BOLETA ELECTRONICA,7,2026-06-03,0,0,0,58815,69990,1,1,SUM_MONTO_ITEM,PAGOS+TICKET,2188840,69990,derivado de monto_item/precio (stock+NC daba 0)
2186324,354767,BOLETA ELECTRONICA,5,2026-06-03,0,0,0,23521,27990,1,1,SUM_MONTO_ITEM,PAGOS+TICKET,2188856,27990,derivado de monto_item/precio (stock+NC daba 0)
2186349,257571,BOLETA ELECTRONICA,6,2026-06-03,0,0,0,32756,38980,2,1,SUM_MONTO_ITEM,PAGOS+TICKET,2191309,38980,derivado de monto_item/precio (stock+NC daba 0)
2186353,375529,BOLETA ELECTRONICA,3,2026-06-03,0,0,0,16798,19990,1,1,SUM_MONTO_ITEM,PAGOS+TICKET,2188870,19990,derivado de monto_item/precio (stock+NC daba 0)
2186373,354776,BOLETA ELECTRONICA,5,2026-06-03,0,0,0,23521,27990,1,1,SUM_MONTO_ITEM,PAGOS+TICKET,2191339,27990,derivado de monto_item/precio (stock+NC daba 0)
2186375,354777,BOLETA ELECTRONICA,5,2026-06-03,0,0,0,24353,28980,2,1,SUM_MONTO_ITEM,PAGOS+TICKET,2188858,28980,derivado de monto_item/precio (stock+NC daba 0)
2186381,284270,BOLETA ELECTRONICA,7,2026-06-03,0,0,0,33605,39990,1,1,SUM_MONTO_ITEM,PAGOS+TICKET,2188839,39990,derivado de monto_item/precio (stock+NC daba 0)
2186406,412082,BOLETA ELECTRONICA,2,2026-06-03,0,0,0,8395,9990,1,1,SUM_MONTO_ITEM,PAGOS+TICKET,2188880,9990,derivado de monto_item/precio (stock+NC daba 0)
2186427,375546,BOLETA ELECTRONICA,3,2026-06-03,0,0,0,31076,36980,2,1,SUM_MONTO_ITEM,PAGOS+TICKET,2191342,36980,derivado de monto_item/precio (stock+NC daba 0)
2186433,375551,BOLETA ELECTRONICA,3,2026-06-03,0,0,0,42008,49990,0,0,SUM_MONTO_ITEM,PAGOS+TICKET,2188869,49990,no reconstruible (sin derivación por precio y stock+NC<=0)
2186434,284280,BOLETA ELECTRONICA,7,2026-06-03,0,0,0,20992,24980,2,1,SUM_MONTO_ITEM,PAGOS+TICKET,2188844,24980,derivado de monto_item/precio (stock+NC daba 0)
2186519,257589,BOLETA ELECTRONICA,6,2026-06-04,0,0,0,45193,53780,2,1,SUM_MONTO_ITEM,PAGOS+TICKET,2188826,53780,derivado de monto_item/precio (stock+NC daba 0)
2186525,257592,BOLETA ELECTRONICA,6,2026-06-04,0,0,0,35109,41780,2,1,SUM_MONTO_ITEM,PAGOS+TICKET,2188828,41780,derivado de monto_item/precio (stock+NC daba 0)
2186537,354798,BOLETA ELECTRONICA,5,2026-06-04,0,0,0,63017,74990,1,1,SUM_MONTO_ITEM,PAGOS+TICKET,2188855,74990,derivado de monto_item/precio (stock+NC daba 0)
2186540,354801,BOLETA ELECTRONICA,5,2026-06-04,0,0,0,25193,29980,2,1,SUM_MONTO_ITEM,PAGOS+TICKET,2191333,29980,derivado de monto_item/precio (stock+NC daba 0)
2186554,412095,BOLETA ELECTRONICA,2,2026-06-04,0,0,0,42008,49990,1,1,SUM_MONTO_ITEM,PAGOS+TICKET,2192304,49990,derivado de monto_item/precio (stock+NC daba 0)
2186555,412096,BOLETA ELECTRONICA,2,2026-06-04,0,0,0,20151,23980,3,1,SUM_MONTO_ITEM,PAGOS+TICKET,2191316,23980,derivado de monto_item/precio (stock+NC daba 0)
2186557,412098,BOLETA ELECTRONICA,2,2026-06-04,0,0,0,18471,21980,2,1,SUM_MONTO_ITEM,PAGOS+TICKET,2191317,21980,derivado de monto_item/precio (stock+NC daba 0)
2186561,284304,BOLETA ELECTRONICA,7,2026-06-04,0,0,0,57134,67990,1,1,SUM_MONTO_ITEM,PAGOS+TICKET,2188849,67990,derivado de monto_item/precio (stock+NC daba 0)
2186563,284306,BOLETA ELECTRONICA,7,2026-06-04,0,0,0,45370,53990,1,1,SUM_MONTO_ITEM,PAGOS+TICKET,2191294,53990,derivado de monto_item/precio (stock+NC daba 0)
2186567,284310,BOLETA ELECTRONICA,7,2026-06-04,0,0,0,58815,69990,1,1,SUM_MONTO_ITEM,PAGOS+TICKET,2191292,69990,derivado de monto_item/precio (stock+NC daba 0)
2186599,450931,BOLETA ELECTRONICA,4,2026-06-04,0,0,0,31924,37990,1,1,SUM_MONTO_ITEM,PAGOS+TICKET,2191324,37990,derivado de monto_item/precio (stock+NC daba 0)
2186619,450948,BOLETA ELECTRONICA,4,2026-06-04,0,0,0,22681,26990,1,1,SUM_MONTO_ITEM,PAGOS+TICKET,2188864,26990,derivado de monto_item/precio (stock+NC daba 0)
2186640,375575,BOLETA ELECTRONICA,3,2026-06-04,0,0,0,27219,32391,1,1,SUM_MONTO_ITEM,PAGOS+TICKET,2188872,32391,derivado de monto_item/precio (stock+NC daba 0)
2186644,375579,BOLETA ELECTRONICA,3,2026-06-04,0,0,0,29488,35091,1,1,SUM_MONTO_ITEM,PAGOS+TICKET,2191349,35091,derivado de monto_item/precio (stock+NC daba 0)
2186648,375583,BOLETA ELECTRONICA,3,2026-06-04,0,0,0,8395,9990,1,1,SUM_MONTO_ITEM,PAGOS+TICKET,2188871,9990,derivado de monto_item/precio (stock+NC daba 0)
2186676,375592,BOLETA ELECTRONICA,3,2026-06-04,0,0,0,36950,43970,4,1,SUM_MONTO_ITEM,PAGOS+TICKET,2192307,43970,derivado de monto_item/precio (stock+NC daba 0)
2186764,450958,BOLETA ELECTRONICA,4,2026-06-04,0,0,0,63017,74990,1,1,SUM_MONTO_ITEM,PAGOS+TICKET,2192310,74990,derivado de monto_item/precio (stock+NC daba 0)
2186766,450959,BOLETA ELECTRONICA,4,2026-06-04,0,0,0,58807,69980,2,1,SUM_MONTO_ITEM,PAGOS+TICKET,2191322,69980,derivado de monto_item/precio (stock+NC daba 0)
2186793,257607,BOLETA ELECTRONICA,6,2026-06-05,0,0,0,51664,61480,2,1,SUM_MONTO_ITEM,PAGOS+TICKET,2188836,61480,derivado de monto_item/precio (stock+NC daba 0)
2186796,354821,BOLETA ELECTRONICA,5,2026-06-05,0,0,0,52933,62990,1,1,SUM_MONTO_ITEM,PAGOS+TICKET,2188853,62990,derivado de monto_item/precio (stock+NC daba 0)
2186811,450966,BOLETA ELECTRONICA,4,2026-06-05,0,0,0,20160,23990,1,1,SUM_MONTO_ITEM,PAGOS+TICKET,2191320,23990,derivado de monto_item/precio (stock+NC daba 0)
2186997,354860,BOLETA ELECTRONICA,5,2026-06-06,0,0,0,33605,39990,1,1,SUM_MONTO_ITEM,PAGOS+TICKET,2191336,39990,derivado de monto_item/precio (stock+NC daba 0)
2186999,354862,BOLETA ELECTRONICA,5,2026-06-06,0,0,0,12597,14990,0,0,SUM_MONTO_ITEM,PAGOS+TICKET,2191334,14990,no reconstruible (sin derivación por precio y stock+NC<=0)
2187003,257637,BOLETA ELECTRONICA,6,2026-06-06,0,0,0,10664,12690,0,0,SUM_MONTO_ITEM,PAGOS+TICKET,2188831,12690,no reconstruible (sin derivación por precio y stock+NC<=0)
2187316,284510,BOLETA ELECTRONICA,7,2026-06-08,0,0,0,46034,54780,1,1,SUM_MONTO_ITEM,PAGOS+TICKET,2191303,54780,derivado de monto_item/precio (stock+NC daba 0)
2187319,284513,BOLETA ELECTRONICA,7,2026-06-08,0,0,0,37807,44990,1,1,SUM_MONTO_ITEM,PAGOS+TICKET,2191298,44990,derivado de monto_item/precio (stock+NC daba 0)
2187320,284514,BOLETA ELECTRONICA,7,2026-06-08,0,0,0,68891,81980,1,1,SUM_MONTO_ITEM,PAGOS+TICKET,2196080,81980,
2187444,257697,BOLETA ELECTRONICA,6,2026-06-09,0,0,0,96454,114780,1,1,SUM_MONTO_ITEM,PAGOS+TICKET,2191308,114780,derivado de monto_item/precio (stock+NC daba 0)
2187448,284539,BOLETA ELECTRONICA,7,2026-06-09,0,0,0,57966,68980,1,1,SUM_MONTO_ITEM,PAGOS+TICKET,2196076,68980,
2187449,284540,BOLETA ELECTRONICA,7,2026-06-09,0,0,0,46622,55480,1,1,SUM_MONTO_ITEM,PAGOS+TICKET,2191299,55480,derivado de monto_item/precio (stock+NC daba 0)
2187458,412156,BOLETA ELECTRONICA,2,2026-06-09,0,0,0,16798,19990,1,1,SUM_MONTO_ITEM,PAGOS+TICKET,2191319,19990,derivado de monto_item/precio (stock+NC daba 0)
2187566,354923,BOLETA ELECTRONICA,5,2026-06-10,0,0,0,35277,41980,2,1,SUM_MONTO_ITEM,PAGOS+TICKET,2191337,41980,derivado de monto_item/precio (stock+NC daba 0)
2187567,354924,BOLETA ELECTRONICA,5,2026-06-10,0,0,0,31916,37980,2,1,SUM_MONTO_ITEM,PAGOS+TICKET,2191335,37980,derivado de monto_item/precio (stock+NC daba 0)
2187568,284568,BOLETA ELECTRONICA,7,2026-06-10,0,0,0,36126,42990,1,1,SUM_MONTO_ITEM,PAGOS+TICKET,2192322,42990,derivado de monto_item/precio (stock+NC daba 0)
2187569,284569,BOLETA ELECTRONICA,7,2026-06-10,0,0,0,53933,64180,1,1,SUM_MONTO_ITEM,PAGOS+TICKET,2191297,64180,derivado de monto_item/precio (stock+NC daba 0)
2187814,284649,BOLETA ELECTRONICA,7,2026-06-12,0,0,0,81252,96690,2,1,SUM_MONTO_ITEM,PAGOS+TICKET,2188845,96690,derivado de monto_item/precio (stock+NC daba 0)
2187854,375749,BOLETA ELECTRONICA,3,2026-06-12,0,0,0,16798,19990,1,1,SUM_MONTO_ITEM,PAGOS+TICKET,2192305,19990,derivado de monto_item/precio (stock+NC daba 0)
2188225,284766,BOLETA ELECTRONICA,7,2026-06-15,0,0,0,146613,174470,2,1,SUM_MONTO_ITEM,PAGOS+TICKET,2192324,174470,derivado de monto_item/precio (stock+NC daba 0)
2188297,257806,BOLETA ELECTRONICA,6,2026-06-15,0,0,0,44689,53180,2,1,SUM_MONTO_ITEM,PAGOS+TICKET,2191314,53180,derivado de monto_item/precio (stock+NC daba 0)
2188397,284803,BOLETA ELECTRONICA,7,2026-06-16,0,0,0,36966,43990,1,1,SUM_MONTO_ITEM,PAGOS+TICKET,2191293,43990,derivado de monto_item/precio (stock+NC daba 0)
2188402,375829,BOLETA ELECTRONICA,3,2026-06-16,0,0,0,19319,22990,1,1,SUM_MONTO_ITEM,PAGOS+TICKET,2191343,22990,derivado de monto_item/precio (stock+NC daba 0)
2188520,284831,BOLETA ELECTRONICA,7,2026-06-17,0,0,0,49571,58990,1,1,SUM_MONTO_ITEM,PAGOS+TICKET,2191287,58990,derivado de monto_item/precio (stock+NC daba 0)
2188521,284832,BOLETA ELECTRONICA,7,2026-06-17,0,0,0,58815,69990,1,1,SUM_MONTO_ITEM,PAGOS+TICKET,2191296,69990,derivado de monto_item/precio (stock+NC daba 0)
2188522,284833,BOLETA ELECTRONICA,7,2026-06-17,0,0,0,68218,81180,2,1,SUM_MONTO_ITEM,PAGOS+TICKET,2191285,81180,derivado de monto_item/precio (stock+NC daba 0)
2188525,284836,BOLETA ELECTRONICA,7,2026-06-17,0,0,0,68479,81490,2,1,SUM_MONTO_ITEM,PAGOS+TICKET,2191295,81490,derivado de monto_item/precio (stock+NC daba 0)
2188528,375858,BOLETA ELECTRONICA,3,2026-06-17,0,0,0,33605,39990,1,1,SUM_MONTO_ITEM,PAGOS+TICKET,2191341,39990,derivado de monto_item/precio (stock+NC daba 0)
2188582,451237,BOLETA ELECTRONICA,4,2026-06-17,0,0,0,21840,25990,1,1,SUM_MONTO_ITEM,PAGOS+TICKET,2191329,25990,derivado de monto_item/precio (stock+NC daba 0)
2188676,355060,BOLETA ELECTRONICA,5,2026-06-18,0,0,0,24353,28980,2,1,SUM_MONTO_ITEM,PAGOS+TICKET,2195759,28980,
2188680,284865,BOLETA ELECTRONICA,7,2026-06-18,0,0,0,50571,60180,2,1,SUM_MONTO_ITEM,PAGOS+TICKET,2192323,60180,derivado de monto_item/precio (stock+NC daba 0)
2188686,451253,BOLETA ELECTRONICA,4,2026-06-18,0,0,0,37807,44990,1,1,SUM_MONTO_ITEM,PAGOS+TICKET,2192309,44990,derivado de monto_item/precio (stock+NC daba 0)
2188901,257889,BOLETA ELECTRONICA,6,2026-06-19,0,0,0,84025,99990,1,1,SUM_MONTO_ITEM,PAGOS+TICKET,2191307,99990,derivado de monto_item/precio (stock+NC daba 0)
2189092,284959,BOLETA ELECTRONICA,7,2026-06-20,0,0,0,134445,159990,1,1,SUM_MONTO_ITEM,PAGOS+TICKET,2191301,159990,derivado de monto_item/precio (stock+NC daba 0)
2189395,257989,BOLETA ELECTRONICA,6,2026-06-22,0,0,0,27882,33180,2,1,SUM_MONTO_ITEM,PAGOS+TICKET,2192311,33180,derivado de monto_item/precio (stock+NC daba 0)
2189397,257991,BOLETA ELECTRONICA,6,2026-06-22,0,0,0,88639,105480,2,1,SUM_MONTO_ITEM,PAGOS+TICKET,2196094,105480,
2189418,285047,BOLETA ELECTRONICA,7,2026-06-22,0,0,0,30832,36690,2,1,SUM_MONTO_ITEM,PAGOS+TICKET,2191291,36690,derivado de monto_item/precio (stock+NC daba 0)
2189419,285048,BOLETA ELECTRONICA,7,2026-06-22,0,0,0,24361,28990,1,1,SUM_MONTO_ITEM,PAGOS+TICKET,2191302,28990,derivado de monto_item/precio (stock+NC daba 0)
2189434,451349,BOLETA ELECTRONICA,4,2026-06-22,0,0,0,36958,43980,2,1,SUM_MONTO_ITEM,PAGOS+TICKET,2196337,43980,
2189558,258010,BOLETA ELECTRONICA,6,2026-06-23,0,0,0,46260,55049,2,1,SUM_MONTO_ITEM,PAGOS+TICKET,2192314,55049,derivado de monto_item/precio (stock+NC daba 0)
2189562,355177,BOLETA ELECTRONICA,5,2026-06-23,0,0,0,52933,62990,1,1,SUM_MONTO_ITEM,PAGOS+TICKET,2196321,62990,
2189569,285073,BOLETA ELECTRONICA,7,2026-06-23,0,0,0,34269,40780,2,1,SUM_MONTO_ITEM,PAGOS+TICKET,2196079,40780,
2189580,285081,BOLETA ELECTRONICA,7,2026-06-23,0,0,0,29403,34990,1,1,SUM_MONTO_ITEM,PAGOS+TICKET,2192317,34990,derivado de monto_item/precio (stock+NC daba 0)
2189724,355200,BOLETA ELECTRONICA,5,2026-06-24,0,0,0,65538,77990,1,1,SUM_MONTO_ITEM,PAGOS+TICKET,2196319,77990,
2189728,285111,BOLETA ELECTRONICA,7,2026-06-24,0,0,0,92429,109990,1,1,SUM_MONTO_ITEM,PAGOS+TICKET,2192164,109990,derivado de monto_item/precio (stock+NC daba 0)
2189873,285146,BOLETA ELECTRONICA,7,2026-06-25,0,0,0,57134,67990,1,1,SUM_MONTO_ITEM,PAGOS+TICKET,2192320,67990,derivado de monto_item/precio (stock+NC daba 0)
2189917,285158,BOLETA ELECTRONICA,7,2026-06-25,0,0,0,32588,38780,2,1,SUM_MONTO_ITEM,PAGOS+TICKET,2192319,38780,derivado de monto_item/precio (stock+NC daba 0)
2190061,412350,BOLETA ELECTRONICA,2,2026-06-26,0,0,0,16798,19990,1,1,SUM_MONTO_ITEM,PAGOS+TICKET,2196111,19990,
2190234,258088,BOLETA ELECTRONICA,6,2026-06-27,0,0,0,42008,49990,1,1,SUM_MONTO_ITEM,PAGOS+TICKET,2196095,49990,
2190236,258090,BOLETA ELECTRONICA,6,2026-06-27,0,0,0,52756,62780,2,1,SUM_MONTO_ITEM,PAGOS+TICKET,2196091,62780,
2190582,258135,BOLETA ELECTRONICA,6,2026-06-30,0,0,0,62840,74780,2,1,SUM_MONTO_ITEM,PAGOS+TICKET,2192313,74780,derivado de monto_item/precio (stock+NC daba 0)
2190589,258142,BOLETA ELECTRONICA,6,2026-06-30,0,0,0,61496,73180,2,1,SUM_MONTO_ITEM,PAGOS+TICKET,2195501,73180,
2190612,285359,BOLETA ELECTRONICA,7,2026-06-30,0,0,0,50412,59990,1,1,SUM_MONTO_ITEM,PAGOS+TICKET,2196072,59990,
2190616,285363,BOLETA ELECTRONICA,7,2026-06-30,0,0,0,50412,59990,1,1,SUM_MONTO_ITEM,PAGOS+TICKET,2196085,59990,
2190623,285370,BOLETA ELECTRONICA,7,2026-06-30,0,0,0,23521,27990,2,1,SUM_MONTO_ITEM,PAGOS+TICKET,2196081,27990,
2190633,285378,BOLETA ELECTRONICA,7,2026-06-30,0,0,0,45866,54581,2,1,SUM_MONTO_ITEM,PAGOS+TICKET,2196083,54581,
2190638,355338,BOLETA ELECTRONICA,5,2026-06-30,0,0,0,16798,19990,1,1,SUM_MONTO_ITEM,PAGOS+TICKET,2196320,19990,
2190640,355340,BOLETA ELECTRONICA,5,2026-06-30,0,0,0,16798,19990,1,1,SUM_MONTO_ITEM,PAGOS+TICKET,2196317,19990,
2190791,412408,BOLETA ELECTRONICA,2,2026-07-01,0,0,0,21000,24990,1,1,SUM_MONTO_ITEM,PAGOS+TICKET,2196112,24990,
2190794,412411,BOLETA ELECTRONICA,2,2026-07-01,0,0,0,16798,19990,1,1,SUM_MONTO_ITEM,PAGOS+TICKET,2196106,19990,
2190821,285423,BOLETA ELECTRONICA,7,2026-07-01,5700.00,6783.00,1,18218,21680,3,1,SUM_MONTO_ITEM,PAGOS+TICKET,2192328,14897,derivado de monto_item/precio (stock+NC daba 1)
2190936,412430,BOLETA ELECTRONICA,2,2026-07-02,0,0,0,16798,19990,1,1,SUM_MONTO_ITEM,PAGOS+TICKET,2196107,19990,
2190944,451536,BOLETA ELECTRONICA,4,2026-07-02,0,0,0,16798,19990,1,1,SUM_MONTO_ITEM,PAGOS+TICKET,2196338,19990,
2190984,258193,BOLETA ELECTRONICA,6,2026-07-02,0,0,0,79824,94990,1,1,SUM_MONTO_ITEM,PAGOS+TICKET,2192312,94990,derivado de monto_item/precio (stock+NC daba 0)
2191099,412443,BOLETA ELECTRONICA,2,2026-07-03,0,0,0,16798,19990,1,1,SUM_MONTO_ITEM,PAGOS+TICKET,2196110,19990,
2191289,376277,BOLETA ELECTRONICA,3,2026-07-04,0,0,0,31924,37990,1,1,SUM_MONTO_ITEM,PAGOS+TICKET,2196353,37990,
2191310,550450,BOLETA ELECTRONICA,5,2026-07-04,0,0,0,31076,36980,1,1,SUM_MONTO_ITEM,PAGOS+TICKET,2197178,36980,
2191345,285539,BOLETA ELECTRONICA,7,2026-07-04,0,0,0,31748,37780,2,1,SUM_MONTO_ITEM,PAGOS+TICKET,2192316,37780,derivado de monto_item/precio (stock+NC daba 0)
2191459,285580,BOLETA ELECTRONICA,7,2026-07-04,0,0,0,14689,17480,2,1,SUM_MONTO_ITEM,PAGOS+TICKET,2192321,17480,derivado de monto_item/precio (stock+NC daba 0)
2191565,258251,BOLETA ELECTRONICA,6,2026-07-06,0,0,0,47891,56990,1,1,SUM_MONTO_ITEM,PAGOS+TICKET,2196098,56990,
2191575,550480,BOLETA ELECTRONICA,5,2026-07-06,0,0,0,21000,24990,1,1,SUM_MONTO_ITEM,PAGOS+TICKET,2196318,24990,
2191602,376321,BOLETA ELECTRONICA,3,2026-07-06,0,0,0,52092,61990,1,1,SUM_MONTO_ITEM,PAGOS+TICKET,2196119,61990,
2191604,376323,BOLETA ELECTRONICA,3,2026-07-06,0,0,0,31924,37990,1,1,SUM_MONTO_ITEM,PAGOS+TICKET,2196116,37990,
2191725,550502,BOLETA ELECTRONICA,5,2026-07-07,0,0,0,47891,56990,1,1,SUM_MONTO_ITEM,PAGOS+TICKET,2196323,56990,
2191730,258272,BOLETA ELECTRONICA,6,2026-07-07,0,0,0,65101,77470,2,1,SUM_MONTO_ITEM,PAGOS+TICKET,2196089,77470,
2191839,376366,BOLETA ELECTRONICA,3,2026-07-08,0,0,0,33605,39990,1,1,SUM_MONTO_ITEM,PAGOS+TICKET,2196115,39990,
2191857,258289,BOLETA ELECTRONICA,6,2026-07-08,94990.00,113038.00,1,159647,189980,2,1,SUM_MONTO_ITEM,PAGOS+TICKET,2196097,76942,
2191887,258295,BOLETA ELECTRONICA,6,2026-07-08,0,0,0,79824,94990,1,1,SUM_MONTO_ITEM,PAGOS+TICKET,2196099,94990,
2192013,285737,BOLETA ELECTRONICA,7,2026-07-09,0,0,0,75630,90000,1,1,SUM_MONTO_ITEM,PAGOS+TICKET,2195757,90000,"desde stock+NC, sin validación por precio"
2192129,451713,BOLETA ELECTRONICA,4,2026-07-10,0,0,0,36958,43980,1,1,SUM_MONTO_ITEM,PAGOS+TICKET,2196339,43980,
2192271,376431,BOLETA ELECTRONICA,3,2026-07-11,0,0,0,28563,33990,1,1,SUM_MONTO_ITEM,PAGOS+TICKET,2196118,33990,
2192955,286029,BOLETA ELECTRONICA,7,2026-07-17,0,0,0,20992,24980,1,1,SUM_MONTO_ITEM,PAGOS+TICKET,2196082,24980,
2192960,286034,BOLETA ELECTRONICA,7,2026-07-17,0,0,0,36126,42990,1,1,SUM_MONTO_ITEM,PAGOS+TICKET,2196084,42990,
2193140,550699,BOLETA ELECTRONICA,5,2026-07-18,0,0,0,18479,21990,1,1,SUM_MONTO_ITEM,PAGOS+TICKET,2197177,21990,
2193141,258486,BOLETA ELECTRONICA,6,2026-07-18,0,0,0,61328,72980,2,1,SUM_MONTO_ITEM,PAGOS+TICKET,2196092,72980,"desde stock+NC, sin validación por precio"
2193332,286134,BOLETA ELECTRONICA,7,2026-07-20,0,0,0,94109,111990,1,1,SUM_MONTO_ITEM,PAGOS+TICKET,2195758,111990,
2193336,258507,BOLETA ELECTRONICA,6,2026-07-20,0,0,0,79824,94990,1,1,SUM_MONTO_ITEM,PAGOS+TICKET,2197165,94990,
2193427,550752,BOLETA ELECTRONICA,5,2026-07-21,0,0,0,18479,21990,1,1,SUM_MONTO_ITEM,PAGOS+TICKET,2196322,21990,
2193524,412603,BOLETA ELECTRONICA,2,2026-07-22,0,0,0,23521,27990,1,1,SUM_MONTO_ITEM,PAGOS+TICKET,2197156,27990,
2193527,451895,BOLETA ELECTRONICA,4,2026-07-22,0,0,0,10916,12990,1,1,SUM_MONTO_ITEM,PAGOS+TICKET,2197158,12990,
2193538,550767,BOLETA ELECTRONICA,5,2026-07-22,0,0,0,31916,37980,1,1,SUM_MONTO_ITEM,PAGOS+TICKET,2197176,37980,
2193680,258554,BOLETA ELECTRONICA,6,2026-07-23,0,0,0,43689,51990,1,1,SUM_MONTO_ITEM,PAGOS+TICKET,2197164,51990,
2193698,286227,BOLETA ELECTRONICA,7,2026-07-23,0,0,0,168025,199950,4,1,SUM_MONTO_ITEM,PAGOS+TICKET,2196078,199950,
2193706,286234,BOLETA ELECTRONICA,7,2026-07-23,0,0,0,25202,29990,1,1,SUM_MONTO_ITEM,PAGOS+TICKET,2197180,29990,
2193738,258564,BOLETA ELECTRONICA,6,2026-07-23,0,0,0,46202,54980,2,1,SUM_MONTO_ITEM,PAGOS+TICKET,2197166,54980,
2194033,286309,BOLETA ELECTRONICA,7,2026-07-25,0,0,0,22681,26990,1,1,SUM_MONTO_ITEM,PAGOS+TICKET,2197179,26990,
2194308,258619,BOLETA ELECTRONICA,6,2026-07-27,0,0,0,40328,47990,1,1,SUM_MONTO_ITEM,PAGOS+TICKET,2197167,47990,
2194722,412687,BOLETA ELECTRONICA,2,2026-07-30,0,0,0,18471,21980,2,1,SUM_MONTO_ITEM,PAGOS+TICKET,2196109,21980,
2195490,286754,BOLETA ELECTRONICA,7,2026-08-03,0,0,0,49571,58990,1,1,SUM_MONTO_ITEM,PAGOS+TICKET,2196075,58990,
2195741,376962,BOLETA ELECTRONICA,3,2026-08-05,0,0,0,7555,8990,2,1,SUM_MONTO_ITEM,PAGOS+TICKET,2196113,8990,
