style,familia,existe_en_RM,pedido_2027,stock_actual,venta_ttm,venta_90d,veredicto
303654L,GLIDE-STEP +,True,108,8,20,20,cobertura 5m -> REPONER OK (post 70m)
303949L,CONTOUR FOAM,False,96,0,0,0,NOVEDAD -> validar por familia
404203L,GLIDE-STEP PLUS,True,90,25,24,24,SOBRE-STOCK 12m -> RECORTAR (post 58m)
129052,GO RUN CONSISTENT 3,False,90,0,0,0,NOVEDAD -> validar por familia
304013L,GLIDE-STEP +,False,84,0,0,0,NOVEDAD -> validar por familia
190446,UNO GLIDE-STEP LITE,False,75,0,0,0,NOVEDAD -> validar por familia
404842L,SKECH CAGE,False,75,0,0,0,NOVEDAD -> validar por familia
8790360,GENO,False,75,0,0,0,NOVEDAD -> validar por familia
128606,GO RUN CONSISTENT 2.0,True,75,15,104,4,cobertura 2m -> REPONER OK (post 10m)
898072,RESHIFT,False,75,0,0,0,NOVEDAD -> validar por familia
304155L,D'LITES,False,72,0,0,0,NOVEDAD -> validar por familia
117720,BOBS ARCH FIT ELEV8,False,60,0,0,0,NOVEDAD -> validar por familia
117872,BOBS B FLEX HI,False,60,0,0,0,NOVEDAD -> validar por familia
117896,BOBS SQUAD WAVES ELITE,False,60,0,0,0,NOVEDAD -> validar por familia
304214L,SKX AERO SPARK,False,60,0,0,0,NOVEDAD -> validar por familia
221263,GO RUN CONSISTENT 3,False,60,0,0,0,NOVEDAD -> validar por familia
303964L,GO RUN CONSISTENT 2.0,False,48,0,0,0,NOVEDAD -> validar por familia
303557N,WAVE 92,False,48,0,0,0,NOVEDAD -> validar por familia
404127N,MICROSPEC VELOCITY,False,48,0,0,0,NOVEDAD -> validar por familia
217250,GO WALK FLEX PLUS,False,48,0,0,0,NOVEDAD -> validar por familia
117740,BOBS SQUAD 4,False,45,0,0,0,NOVEDAD -> validar por familia
237889,GLIDE-STEP SOLE,False,45,0,0,0,NOVEDAD -> validar por familia
129659,MAX CUSHIONING ENDEAVOUR,False,45,0,0,0,NOVEDAD -> validar por familia
303989L,MAX RUN,False,42,0,0,0,NOVEDAD -> validar por familia
401491L,SKECHERS METEOR-LIGHTS 3.0,False,39,0,0,0,NOVEDAD -> validar por familia
190225,E'CLYPSE LITE,False,36,0,0,0,NOVEDAD -> validar por familia
310818L,UNO LITE,False,36,0,0,0,NOVEDAD -> validar por familia
405145L,MAX RUN,False,36,0,0,0,NOVEDAD -> validar por familia
404820L,BOUNDLESS,False,36,0,0,0,NOVEDAD -> validar por familia
401491N,SKECHERS METEOR-LIGHTS 3.0,False,36,0,0,0,NOVEDAD -> validar por familia
407640N,PLAY SCENE 2.0,False,36,0,0,0,NOVEDAD -> validar por familia
150877,D'LITES,False,30,0,0,0,NOVEDAD -> validar por familia
150384,FASHION FIT 2.0,True,30,77,13,11,SOBRE-STOCK 71m -> RECORTAR (post 99m)
168206,EASY GOING,False,30,0,0,0,NOVEDAD -> validar por familia
404127L,MICROSPEC VELOCITY,False,30,0,0,0,NOVEDAD -> validar por familia
237669,MAX PROTECT,False,30,0,0,0,NOVEDAD -> validar por familia
304210L,SKECHERS ELITE SPORT PULSE,False,27,0,0,0,NOVEDAD -> validar por familia
404206L,MAX CUSHIONING GLIDE-STEP,False,27,0,0,0,NOVEDAD -> validar por familia
150413,CONTOUR FOAM,False,24,0,0,0,NOVEDAD -> validar por familia
304553L,PIXEL KICKS,False,24,0,0,0,NOVEDAD -> validar por familia
304057L,EDGERIDE,False,24,0,0,0,NOVEDAD -> validar por familia
304066N,BOUNDER,False,24,0,0,0,NOVEDAD -> validar por familia
403917L,BOUNDER,False,24,0,0,0,NOVEDAD -> validar por familia
400142N,FLEX-GLOW PLUS,False,24,0,0,0,NOVEDAD -> validar por familia
183403,ARCH FIT COURT BREAK,False,24,0,0,0,NOVEDAD -> validar por familia
118478,BOBS SQUAD LO,False,24,0,0,0,NOVEDAD -> validar por familia
11930,D'LITES,True,15,47,27,2,SOBRE-STOCK 21m -> RECORTAR (post 28m)
11949,D'LITES,True,15,86,47,17,SOBRE-STOCK 22m -> RECORTAR (post 26m)
117733,BOBS MODA FLEX,False,15,0,0,0,NOVEDAD -> validar por familia
302526L,D'LITES,False,15,0,0,0,NOVEDAD -> validar por familia
304154L,D'LITES,False,15,0,0,0,NOVEDAD -> validar por familia
303557L,WAVE 92,True,15,162,70,13,SOBRE-STOCK 28m -> RECORTAR (post 30m)
304206L,MICROSPEC VELOCITY,False,15,0,0,0,NOVEDAD -> validar por familia
304208L,SKECHERS STREAMLINE,False,15,0,0,0,NOVEDAD -> validar por familia
118130,ARCH FIT B FLEX HI,False,15,0,0,0,NOVEDAD -> validar por familia
232619,CONTOUR FOAM,False,15,0,0,0,NOVEDAD -> validar por familia
237942,EQUALIZER 5.0 TRAIL,False,15,0,0,0,NOVEDAD -> validar por familia
220669,MAX CUSHIONING ENDEAVOUR,False,15,0,0,0,NOVEDAD -> validar por familia
220887,GO RUN CONSISTENT 2.0,False,15,0,0,0,NOVEDAD -> validar por familia
220391,GO RUN NOW,False,15,0,0,0,NOVEDAD -> validar por familia
233471,GLIDE-STEP ALTUS,False,15,0,0,0,NOVEDAD -> validar por familia
232398,TRACK,True,15,5,8,0,cobertura 8m -> comprar MINIMO (post 30m)
125890,GO WALK MAX CUSHIONING HYPER BURST,True,15,10,5,4,SOBRE-STOCK 24m -> RECORTAR (post 60m)
129414,MAX CUSHIONING GLIDE-STEP,False,15,0,0,0,NOVEDAD -> validar por familia
150510,GLIDE-STEP ALTUS,False,15,0,0,0,NOVEDAD -> validar por familia
150514,GLIDE-STEP ALTUS,False,15,0,0,0,NOVEDAD -> validar por familia
898151,ROSEATE 3.0,False,15,0,0,0,NOVEDAD -> validar por familia
246146,SKECHERS VIPER COURT RELOAD 2 PADEL,False,15,0,0,0,NOVEDAD -> validar por familia
172146,SKECHERS VIPER COURT RELOAD 2 PADEL,False,15,0,0,0,NOVEDAD -> validar por familia
303679L,BOUNDER,True,12,26,22,18,SOBRE-STOCK 14m -> RECORTAR (post 21m)
303556L,BOUNDLESS,False,12,0,0,0,NOVEDAD -> validar por familia
314599N,TWINKLE STAR,False,12,0,0,0,NOVEDAD -> validar por familia
404801L,EDGERIDE,True,12,59,41,41,SOBRE-STOCK 17m -> RECORTAR (post 21m)
118460,BOBS ARCH FIT ELEV8,False,12,0,0,0,NOVEDAD -> validar por familia
