producto_id,articulo,fecha_creacion_previa,fecha_creacion_nueva,fuente
18178,1800-02,2023-07-17T04:00:00+00:00,2018-08-24T00:00:00-03:00,movimientos
18179,1800-02,2023-07-18T04:00:00+00:00,2018-09-06T00:00:00-03:00,movimientos
18180,1800-02,2023-07-18T04:00:00+00:00,2018-09-09T00:00:00-03:00,movimientos
18181,1800-02,2023-07-18T04:00:00+00:00,2022-07-27T00:00:00-04:00,movimientos
25556,3334-20,2025-08-11T04:00:00+00:00,2023-07-17T00:00:00-04:00,movimientos
25557,3334-20,2025-09-03T04:00:00+00:00,2023-08-01T00:00:00-04:00,movimientos
25558,3334-20,2025-08-14T04:00:00+00:00,2023-07-18T00:00:00-04:00,movimientos
25559,3334-20,2025-08-13T04:00:00+00:00,2023-07-18T00:00:00-04:00,movimientos
25560,3334-20,2025-08-13T04:00:00+00:00,2023-07-18T00:00:00-04:00,movimientos
28715,2918-02/1,2025-08-11T04:00:00+00:00,2018-09-11T00:00:00-03:00,movimientos
28716,2918-02/1,2025-08-25T04:00:00+00:00,2018-08-25T00:00:00-03:00,movimientos
28717,2918-02/1,2025-08-14T04:00:00+00:00,2018-08-22T00:00:00-03:00,movimientos
28718,2918-02/1,2025-08-13T04:00:00+00:00,2018-08-22T00:00:00-03:00,movimientos
28719,2918-02/4,2022-07-26T04:00:00+00:00,2018-09-17T00:00:00-03:00,movimientos
28721,2918-02/4,2022-07-27T04:00:00+00:00,2018-09-03T00:00:00-03:00,movimientos
28722,2918-02/4,2023-07-18T04:00:00+00:00,2018-09-17T00:00:00-03:00,movimientos
28723,2918-02/4,2020-01-02T03:00:00+00:00,2018-09-10T00:00:00-03:00,movimientos
31917,3054-01/1,2024-07-11T04:00:00+00:00,2018-09-02T00:00:00-03:00,movimientos
31924,3054-02/1,2022-08-02T04:00:00+00:00,2018-08-21T00:00:00-03:00,movimientos
31925,3054-02/3,2025-07-08T04:00:00+00:00,2018-09-10T00:00:00-03:00,movimientos
31926,3054-02/1,2025-07-09T04:00:00+00:00,2018-08-21T00:00:00-03:00,movimientos
31927,3054-02/3,2025-07-10T04:00:00+00:00,2018-09-01T00:00:00-03:00,movimientos
31928,3054-02/3,2025-07-09T04:00:00+00:00,2018-09-15T00:00:00-03:00,movimientos
31929,3054-02/3,2025-07-09T04:00:00+00:00,2018-09-13T00:00:00-03:00,movimientos
31931,3054-02/3,2022-07-26T04:00:00+00:00,2018-09-03T00:00:00-03:00,movimientos
31935,3054-02/2,2022-07-25T04:00:00+00:00,2018-08-27T00:00:00-03:00,movimientos
31936,3054-02/2,2022-07-26T04:00:00+00:00,2018-08-23T00:00:00-03:00,movimientos
31937,3054-02/2,2022-08-01T04:00:00+00:00,2018-08-21T00:00:00-03:00,movimientos
31938,3054-02/2,2022-07-26T04:00:00+00:00,2018-08-19T00:00:00-03:00,movimientos
31939,3054-02/2,2022-08-22T04:00:00+00:00,2018-08-18T00:00:00-03:00,movimientos
32043,3073-01/3,2022-08-01T04:00:00+00:00,2018-08-25T00:00:00-03:00,movimientos
32045,3073-01/1,2022-08-02T04:00:00+00:00,2019-08-07T00:00:00-04:00,movimientos
32050,3073-02/3,2022-07-25T04:00:00+00:00,2019-08-07T00:00:00-04:00,movimientos
32051,3073-02/3,2022-08-02T04:00:00+00:00,2018-08-22T00:00:00-03:00,movimientos
32053,3073-02/3,2022-07-26T04:00:00+00:00,2018-09-12T00:00:00-03:00,movimientos
32054,3073-02/3,2022-08-01T04:00:00+00:00,2018-08-21T00:00:00-03:00,movimientos
32055,3073-02/1,2022-08-02T04:00:00+00:00,2018-08-31T00:00:00-03:00,movimientos
32056,3073-02/2,2025-08-12T04:00:00+00:00,2018-08-30T00:00:00-03:00,movimientos
32058,3073-02/2,2025-08-14T04:00:00+00:00,2018-08-22T00:00:00-03:00,movimientos
32059,3073-02/2,2025-08-13T04:00:00+00:00,2018-08-21T00:00:00-03:00,movimientos
32060,3073-02/2,2025-08-13T04:00:00+00:00,2018-08-25T00:00:00-03:00,movimientos
32065,3073-02/1,2022-07-25T04:00:00+00:00,2018-08-23T00:00:00-03:00,movimientos
32066,3073-02/1,2022-07-26T04:00:00+00:00,2018-08-23T00:00:00-03:00,movimientos
32067,3073-02/1,2022-08-01T04:00:00+00:00,2018-08-25T00:00:00-03:00,movimientos
32068,3073-02/1,2022-07-26T04:00:00+00:00,2018-08-22T00:00:00-03:00,movimientos
33725,3334-01,2025-08-11T04:00:00+00:00,2024-07-11T00:00:00-04:00,movimientos
33726,3334-01,2025-08-19T04:00:00+00:00,2024-07-15T00:00:00-04:00,movimientos
33727,3334-01,2025-08-14T04:00:00+00:00,2024-07-11T00:00:00-04:00,movimientos
33728,3334-01,2025-08-13T04:00:00+00:00,2024-07-11T00:00:00-04:00,movimientos
33729,3334-01,2025-08-13T04:00:00+00:00,2024-07-11T00:00:00-04:00,movimientos
33730,3334-02,2025-07-08T04:00:00+00:00,2018-08-23T00:00:00-03:00,movimientos
33731,3334-02,2025-08-13T04:00:00+00:00,2018-08-20T00:00:00-03:00,movimientos
33732,3334-02,2025-07-10T04:00:00+00:00,2018-08-21T00:00:00-03:00,movimientos
33733,3334-02,2025-07-09T04:00:00+00:00,2018-08-20T00:00:00-03:00,movimientos
33734,3334-02,2025-07-09T04:00:00+00:00,2018-08-22T00:00:00-03:00,movimientos
137651,3054-01/1,2026-05-19T15:53:42.796163+00:00,2018-08-27T00:00:00-03:00,movimientos
137652,3054-01/2,2026-05-19T15:54:54.712493+00:00,2019-08-07T00:00:00-04:00,movimientos
137657,3054-01/1,2026-05-19T19:45:01.613240+00:00,2018-08-22T00:00:00-03:00,movimientos
137658,3054-01/1,2026-05-20T16:17:23.323540+00:00,2018-08-20T00:00:00-03:00,movimientos
137660,3054-01/1,2026-05-20T17:30:59.772008+00:00,2018-08-21T00:00:00-03:00,movimientos
137661,3054-01/2,2026-05-20T17:30:59.803896+00:00,2021-11-02T00:00:00-03:00,movimientos
137745,3073-02/2,2026-05-28T15:44:38.570567+00:00,2018-08-21T00:00:00-03:00,movimientos
138481,9700-02,2026-07-28T22:54:40.552354+00:00,2018-08-21T00:00:00-03:00,movimientos
138561,9700-02,2026-07-30T22:17:39.178594+00:00,2018-08-19T00:00:00-03:00,movimientos
138563,9700-02,2026-07-31T16:09:52.157138+00:00,2018-08-27T00:00:00-03:00,movimientos
138669,9700-02,2026-08-06T16:10:54.376900+00:00,2018-08-27T00:00:00-03:00,movimientos
138734,9700-02,2026-08-11T17:26:17.086321+00:00,2018-08-22T00:00:00-03:00,movimientos
139111,2918-02/2,2026-08-13T17:41:19.134110+00:00,2018-09-08T00:00:00-03:00,movimientos
139112,2918-02/2,2026-08-13T17:41:40.825278+00:00,2019-07-24T00:00:00-04:00,movimientos
139113,2918-02/2,2026-08-13T17:41:51.762560+00:00,2018-08-27T00:00:00-03:00,movimientos
139114,2918-02/1,2026-08-13T17:42:00.296082+00:00,2018-08-24T00:00:00-03:00,movimientos
139115,2918-02/2,2026-08-13T17:42:03.457177+00:00,2018-08-28T00:00:00-03:00,movimientos
139116,3054-02/1,2026-08-13T17:47:28.847496+00:00,2018-08-23T00:00:00-03:00,movimientos
139117,3054-02/1,2026-08-13T17:48:20.482631+00:00,2018-08-19T00:00:00-03:00,movimientos
139118,3054-02/1,2026-08-13T17:48:42.257760+00:00,2018-08-22T00:00:00-03:00,movimientos
139119,3073-01/1,2026-08-13T17:49:04.298562+00:00,2019-08-07T00:00:00-04:00,movimientos
139120,3073-01/2,2026-08-13T17:49:08.924838+00:00,2018-08-25T00:00:00-03:00,movimientos
139121,3073-01/2,2026-08-13T17:49:55.969056+00:00,2018-09-03T00:00:00-03:00,movimientos
139122,3073-01/1,2026-08-13T17:50:12.218969+00:00,2019-08-07T00:00:00-04:00,movimientos
